観測所ID,地点名,かな,都道府県,地方,緯度,経度,標高(m),種別,観測要素,気象庁ページURL,状態,観測期間
11001,宗谷岬,ソウヤミサキ,北海道,北海道,45.52,141.935,26,アメダス,気温 / 降水量 / 風 / 日照時間 / 湿度,https://www.data.jma.go.jp/stats/etrn/index.php?prec_no=11&block_no=1284&year=&month=&day=&view=,現役,
11016,稚内,ワッカナイ,北海道,北海道,45.415,141.678333,3,気象台等,気温 / 降水量 / 風 / 日照時間 / 積雪 / 湿度,https://www.data.jma.go.jp/stats/etrn/index.php?prec_no=11&block_no=47401&year=&month=&day=&view=,現役,
11046,礼文,レブン,北海道,北海道,45.305,141.045,65,アメダス,気温 / 降水量 / 風 / 日照時間 / 湿度,https://www.data.jma.go.jp/stats/etrn/index.php?prec_no=11&block_no=1546&year=&month=&day=&view=,現役,
11061,声問,コエトイ：稚内空港,北海道,北海道,45.403333,141.801667,8,アメダス,気温 / 降水量 / 風 / 積雪,https://www.data.jma.go.jp/stats/etrn/index.php?prec_no=11&block_no=1528&year=&month=&day=&view=,現役,
11076,浜鬼志別,ハマオニシベツ,北海道,北海道,45.335,142.17,13,アメダス,気温 / 降水量 / 風 / 日照時間 / 積雪 / 湿度,https://www.data.jma.go.jp/stats/etrn/index.php?prec_no=11&block_no=1285&year=&month=&day=&view=,現役,
11091,本泊,モトドマリ：利尻空港,北海道,北海道,45.241667,141.186667,30,アメダス,気温 / 降水量 / 風,https://www.data.jma.go.jp/stats/etrn/index.php?prec_no=11&block_no=1512&year=&month=&day=&view=,現役,
11121,沼川,ヌマカワ,北海道,北海道,45.248333,141.851667,23,アメダス,気温 / 降水量 / 風 / 日照時間 / 積雪 / 湿度,https://www.data.jma.go.jp/stats/etrn/index.php?prec_no=11&block_no=1203&year=&month=&day=&view=,現役,
11151,沓形,クツガタ,北海道,北海道,45.178333,141.138333,14,アメダス,気温 / 降水量 / 風 / 日照時間 / 湿度,https://www.data.jma.go.jp/stats/etrn/index.php?prec_no=11&block_no=0002&year=&month=&day=&view=,現役,
11176,豊富,トヨトミ,北海道,北海道,45.101667,141.78,14,アメダス,気温 / 降水量 / 風 / 日照時間 / 積雪 / 湿度,https://www.data.jma.go.jp/stats/etrn/index.php?prec_no=11&block_no=1054&year=&month=&day=&view=,現役,
11206,浜頓別,ハマトンベツ,北海道,北海道,45.125,142.35,18,アメダス,気温 / 降水量 / 風 / 日照時間 / 湿度,https://www.data.jma.go.jp/stats/etrn/index.php?prec_no=11&block_no=0003&year=&month=&day=&view=,現役,
11276,中頓別,ナカトンベツ,北海道,北海道,44.965,142.28,25,アメダス,気温 / 降水量 / 風 / 日照時間 / 積雪 / 湿度,https://www.data.jma.go.jp/stats/etrn/index.php?prec_no=11&block_no=1051&year=&month=&day=&view=,現役,
11291,北見枝幸,キタミエサシ,北海道,北海道,44.94,142.585,7,気象台等,気温 / 降水量 / 風 / 日照時間 / 積雪 / 湿度,https://www.data.jma.go.jp/stats/etrn/index.php?prec_no=11&block_no=47402&year=&month=&day=&view=,現役,
11316,歌登,ウタノボリ,北海道,北海道,44.841667,142.48,14,アメダス,気温 / 降水量 / 風 / 日照時間 / 積雪 / 湿度,https://www.data.jma.go.jp/stats/etrn/index.php?prec_no=11&block_no=0005&year=&month=&day=&view=,現役,
12011,中川,ナカガワ,北海道,北海道,44.828333,142.076667,22,アメダス,気温 / 降水量 / 風 / 日照時間 / 湿度,https://www.data.jma.go.jp/stats/etrn/index.php?prec_no=12&block_no=1201&year=&month=&day=&view=,現役,
12041,音威子府,オトイネップ,北海道,北海道,44.726667,142.265,40,アメダス,気温 / 降水量 / 風 / 日照時間 / 積雪 / 湿度,https://www.data.jma.go.jp/stats/etrn/index.php?prec_no=12&block_no=1197&year=&month=&day=&view=,現役,
12141,美深,ビフカ,北海道,北海道,44.48,142.341667,77,アメダス,気温 / 降水量 / 風 / 日照時間 / 積雪 / 湿度,https://www.data.jma.go.jp/stats/etrn/index.php?prec_no=12&block_no=0006&year=&month=&day=&view=,現役,
12181,名寄,ナヨロ,北海道,北海道,44.37,142.456667,89,アメダス,気温 / 降水量 / 風 / 日照時間 / 積雪 / 湿度,https://www.data.jma.go.jp/stats/etrn/index.php?prec_no=12&block_no=0008&year=&month=&day=&view=,現役,
12231,下川,シモカワ,北海道,北海道,44.295,142.636667,143,アメダス,気温 / 降水量 / 風 / 日照時間 / 積雪 / 湿度,https://www.data.jma.go.jp/stats/etrn/index.php?prec_no=12&block_no=0010&year=&month=&day=&view=,現役,
12261,士別,シベツ,北海道,北海道,44.186667,142.416667,135,アメダス,気温 / 降水量 / 風 / 日照時間 / 湿度,https://www.data.jma.go.jp/stats/etrn/index.php?prec_no=12&block_no=0011&year=&month=&day=&view=,現役,
12266,朝日,アサヒ,北海道,北海道,44.118333,142.595,225,アメダス,気温 / 降水量 / 風 / 日照時間 / 湿度,https://www.data.jma.go.jp/stats/etrn/index.php?prec_no=12&block_no=1047&year=&month=&day=&view=,現役,
12301,和寒,ワッサム,北海道,北海道,44.028333,142.41,150,アメダス,気温 / 降水量 / 風 / 日照時間 / 積雪 / 湿度,https://www.data.jma.go.jp/stats/etrn/index.php?prec_no=12&block_no=1055&year=&month=&day=&view=,現役,
12386,江丹別,エタンベツ,北海道,北海道,43.87,142.26,140,アメダス,気温 / 降水量 / 風 / 日照時間 / 湿度,https://www.data.jma.go.jp/stats/etrn/index.php?prec_no=12&block_no=1191&year=&month=&day=&view=,現役,
12396,比布,ピップ,北海道,北海道,43.87,142.47,164,アメダス,気温 / 降水量 / 風 / 日照時間 / 湿度,https://www.data.jma.go.jp/stats/etrn/index.php?prec_no=12&block_no=1048&year=&month=&day=&view=,現役,
12411,上川,カミカワ,北海道,北海道,43.846667,142.753333,324,アメダス,気温 / 降水量 / 風 / 日照時間 / 積雪 / 湿度,https://www.data.jma.go.jp/stats/etrn/index.php?prec_no=12&block_no=0015&year=&month=&day=&view=,現役,
12442,旭川,アサヒカワ,北海道,北海道,43.756667,142.371667,120,気象台等,気温 / 降水量 / 風 / 日照時間 / 積雪 / 湿度,https://www.data.jma.go.jp/stats/etrn/index.php?prec_no=12&block_no=47407&year=&month=&day=&view=,現役,
12451,東川,ヒガシカワ,北海道,北海道,43.701667,142.508333,215,アメダス,気温 / 降水量 / 風 / 日照時間 / 湿度,https://www.data.jma.go.jp/stats/etrn/index.php?prec_no=12&block_no=1184&year=&month=&day=&view=,現役,
12501,東神楽,ヒガシカグラ：旭川空港,北海道,北海道,43.67,142.446667,211,アメダス,気温 / 降水量 / 風 / 積雪,https://www.data.jma.go.jp/stats/etrn/index.php?prec_no=12&block_no=1458&year=&month=&day=&view=,現役,
12512,志比内,シビナイ,北海道,北海道,43.643333,142.581667,310,アメダス,気温 / 降水量 / 風 / 日照時間 / 湿度,https://www.data.jma.go.jp/stats/etrn/index.php?prec_no=12&block_no=1185&year=&month=&day=&view=,現役,
12551,美瑛,ビエイ,北海道,北海道,43.588333,142.493333,250,アメダス,気温 / 降水量 / 風 / 日照時間 / 積雪 / 湿度,https://www.data.jma.go.jp/stats/etrn/index.php?prec_no=12&block_no=1052&year=&month=&day=&view=,現役,
12596,上富良野,カミフラノ,北海道,北海道,43.455,142.465,220,アメダス,気温 / 降水量 / 風 / 日照時間 / 湿度,https://www.data.jma.go.jp/stats/etrn/index.php?prec_no=12&block_no=1190&year=&month=&day=&view=,現役,
12626,富良野,フラノ,北海道,北海道,43.333333,142.4,174,アメダス,気温 / 降水量 / 風 / 日照時間 / 積雪 / 湿度,https://www.data.jma.go.jp/stats/etrn/index.php?prec_no=12&block_no=0021&year=&month=&day=&view=,現役,
12632,麓郷,ロクゴウ,北海道,北海道,43.301667,142.521667,315,アメダス,気温 / 降水量 / 風 / 日照時間 / 湿度,https://www.data.jma.go.jp/stats/etrn/index.php?prec_no=12&block_no=1280&year=&month=&day=&view=,現役,
12691,幾寅,イクトラ,北海道,北海道,43.168333,142.568333,350,アメダス,気温 / 降水量 / 風 / 日照時間 / 積雪 / 湿度,https://www.data.jma.go.jp/stats/etrn/index.php?prec_no=12&block_no=1188&year=&month=&day=&view=,現役,
12746,占冠,シムカップ,北海道,北海道,42.978333,142.395,332,アメダス,気温 / 降水量 / 風 / 日照時間 / 積雪 / 湿度,https://www.data.jma.go.jp/stats/etrn/index.php?prec_no=12&block_no=1189&year=&month=&day=&view=,現役,
13061,天塩,テシオ,北海道,北海道,44.893333,141.761667,9,アメダス,気温 / 降水量 / 風 / 日照時間 / 積雪 / 湿度,https://www.data.jma.go.jp/stats/etrn/index.php?prec_no=13&block_no=0024&year=&month=&day=&view=,現役,
13086,遠別,エンベツ,北海道,北海道,44.718333,141.806667,7,アメダス,気温 / 降水量 / 風 / 日照時間 / 湿度,https://www.data.jma.go.jp/stats/etrn/index.php?prec_no=13&block_no=0025&year=&month=&day=&view=,現役,
13121,初山別,ショサンベツ,北海道,北海道,44.523333,141.77,27,アメダス,気温 / 降水量 / 風 / 日照時間 / 積雪 / 湿度,https://www.data.jma.go.jp/stats/etrn/index.php?prec_no=13&block_no=1216&year=&month=&day=&view=,現役,
13146,焼尻,ヤギシリ,北海道,北海道,44.428333,141.421667,38,アメダス,気温 / 降水量 / 風 / 日照時間 / 湿度,https://www.data.jma.go.jp/stats/etrn/index.php?prec_no=13&block_no=1213&year=&month=&day=&view=,現役,
13181,羽幌,ハボロ,北海道,北海道,44.363333,141.7,8,気象台等,気温 / 降水量 / 風 / 日照時間 / 積雪 / 湿度,https://www.data.jma.go.jp/stats/etrn/index.php?prec_no=13&block_no=47404&year=&month=&day=&view=,現役,
13261,達布,タップ,北海道,北海道,44.048333,141.856667,30,アメダス,気温 / 降水量 / 風 / 日照時間 / 湿度,https://www.data.jma.go.jp/stats/etrn/index.php?prec_no=13&block_no=1217&year=&month=&day=&view=,現役,
13277,留萌,ルモイ,北海道,北海道,43.945,141.631667,24,気象台等,気温 / 降水量 / 風 / 日照時間 / 積雪 / 湿度,https://www.data.jma.go.jp/stats/etrn/index.php?prec_no=13&block_no=47406&year=&month=&day=&view=,現役,
13311,増毛,マシケ,北海道,北海道,43.848333,141.51,20,アメダス,気温 / 降水量 / 風 / 日照時間 / 湿度,https://www.data.jma.go.jp/stats/etrn/index.php?prec_no=13&block_no=0028&year=&month=&day=&view=,現役,
13321,幌糠,ホロヌカ,北海道,北海道,43.853333,141.76,20,アメダス,気温 / 降水量 / 風 / 日照時間 / 積雪 / 湿度,https://www.data.jma.go.jp/stats/etrn/index.php?prec_no=13&block_no=1218&year=&month=&day=&view=,現役,
14026,浜益,ハママス,北海道,北海道,43.581667,141.386667,3,アメダス,気温 / 降水量 / 風 / 日照時間 / 湿度,https://www.data.jma.go.jp/stats/etrn/index.php?prec_no=14&block_no=1193&year=&month=&day=&view=,現役,
14071,厚田,アツタ,北海道,北海道,43.396667,141.436667,5,アメダス,気温 / 降水量 / 風 / 日照時間 / 積雪 / 湿度,https://www.data.jma.go.jp/stats/etrn/index.php?prec_no=14&block_no=1194&year=&month=&day=&view=,現役,
14101,新篠津,シンシノツ,北海道,北海道,43.22,141.645,9,アメダス,気温 / 降水量 / 風 / 日照時間 / 積雪 / 湿度,https://www.data.jma.go.jp/stats/etrn/index.php?prec_no=14&block_no=0030&year=&month=&day=&view=,現役,
14116,山口,ヤマグチ,北海道,北海道,43.148333,141.221667,5,アメダス,気温 / 降水量 / 風 / 日照時間 / 湿度,https://www.data.jma.go.jp/stats/etrn/index.php?prec_no=14&block_no=0031&year=&month=&day=&view=,現役,
14121,石狩,イシカリ,北海道,北海道,43.193333,141.37,5,アメダス,気温 / 降水量 / 風 / 日照時間 / 積雪 / 湿度,https://www.data.jma.go.jp/stats/etrn/index.php?prec_no=14&block_no=1085&year=&month=&day=&view=,現役,
14136,江別,エベツ,北海道,北海道,43.11,141.601667,8,アメダス,気温 / 降水量 / 風 / 日照時間 / 湿度,https://www.data.jma.go.jp/stats/etrn/index.php?prec_no=14&block_no=1507&year=&month=&day=&view=,現役,
14163,札幌,サッポロ,北海道,北海道,43.06,141.328333,17,気象台等,気温 / 降水量 / 風 / 日照時間 / 積雪 / 湿度,https://www.data.jma.go.jp/stats/etrn/index.php?prec_no=14&block_no=47412&year=&month=&day=&view=,現役,
14206,恵庭島松,エニワシママツ,北海道,北海道,42.926667,141.565,30,アメダス,気温 / 降水量 / 風 / 日照時間 / 積雪 / 湿度,https://www.data.jma.go.jp/stats/etrn/index.php?prec_no=14&block_no=0035&year=&month=&day=&view=,現役,
14286,支笏湖畔,シコツコハン,北海道,北海道,42.771667,141.406667,290,アメダス,気温 / 降水量 / 風 / 日照時間 / 湿度,https://www.data.jma.go.jp/stats/etrn/index.php?prec_no=14&block_no=0037&year=&month=&day=&view=,現役,
14296,千歳,チトセ：新千歳空港,北海道,北海道,42.775,141.691667,22,アメダス,気温 / 降水量 / 風 / 積雪,https://www.data.jma.go.jp/stats/etrn/index.php?prec_no=14&block_no=1459&year=&month=&day=&view=,現役,
15041,朱鞠内,シュマリナイ,北海道,北海道,44.281667,142.161667,255,アメダス,気温 / 降水量 / 風 / 日照時間 / 積雪 / 湿度,https://www.data.jma.go.jp/stats/etrn/index.php?prec_no=12&block_no=1279&year=&month=&day=&view=,現役,
15076,幌加内,ホロカナイ,北海道,北海道,44.01,142.16,159,アメダス,気温 / 降水量 / 風 / 日照時間 / 積雪 / 湿度,https://www.data.jma.go.jp/stats/etrn/index.php?prec_no=12&block_no=1053&year=&month=&day=&view=,現役,
15116,石狩沼田,イシカリヌマタ,北海道,北海道,43.815,141.926667,63,アメダス,気温 / 降水量 / 風 / 日照時間 / 積雪 / 湿度,https://www.data.jma.go.jp/stats/etrn/index.php?prec_no=15&block_no=0038&year=&month=&day=&view=,現役,
15156,秩父別,チップベツ,北海道,北海道,43.78,141.961667,51,気象台等,気温 / 降水量 / 風 / 日照時間 / 積雪 / 湿度,https://www.data.jma.go.jp/stats/etrn/index.php?prec_no=15&block_no=1674&year=&month=&day=&view=,現役,
15161,深川,フカガワ,北海道,北海道,43.718333,142.073333,55,アメダス,気温 / 降水量 / 風 / 日照時間 / 積雪 / 湿度,https://www.data.jma.go.jp/stats/etrn/index.php?prec_no=15&block_no=0039&year=&month=&day=&view=,現役,
15231,空知吉野,ソラチヨシノ,北海道,北海道,43.595,141.731667,100,アメダス,気温 / 降水量 / 風 / 日照時間 / 湿度,https://www.data.jma.go.jp/stats/etrn/index.php?prec_no=15&block_no=1287&year=&month=&day=&view=,現役,
15241,滝川,タキカワ,北海道,北海道,43.57,141.938333,50,アメダス,気温 / 降水量 / 風 / 日照時間 / 積雪 / 湿度,https://www.data.jma.go.jp/stats/etrn/index.php?prec_no=15&block_no=0041&year=&month=&day=&view=,現役,
15251,芦別,アシベツ,北海道,北海道,43.52,142.19,91,アメダス,気温 / 降水量 / 風 / 日照時間 / 積雪 / 湿度,https://www.data.jma.go.jp/stats/etrn/index.php?prec_no=15&block_no=0043&year=&month=&day=&view=,現役,
15311,月形,ツキガタ,北海道,北海道,43.33,141.616667,50,アメダス,気温 / 降水量 / 風 / 日照時間 / 湿度,https://www.data.jma.go.jp/stats/etrn/index.php?prec_no=15&block_no=0999&year=&month=&day=&view=,現役,
15321,美唄,ビバイ,北海道,北海道,43.363333,141.826667,16,アメダス,気温 / 降水量 / 風 / 日照時間 / 積雪 / 湿度,https://www.data.jma.go.jp/stats/etrn/index.php?prec_no=15&block_no=0044&year=&month=&day=&view=,現役,
15356,岩見沢,イワミザワ,北海道,北海道,43.211667,141.785,42,気象台等,気温 / 降水量 / 風 / 日照時間 / 積雪 / 湿度,https://www.data.jma.go.jp/stats/etrn/index.php?prec_no=15&block_no=47413&year=&month=&day=&view=,現役,
15431,長沼,ナガヌマ,北海道,北海道,43.011667,141.693333,13,アメダス,気温 / 降水量 / 風 / 日照時間 / 湿度,https://www.data.jma.go.jp/stats/etrn/index.php?prec_no=15&block_no=0047&year=&month=&day=&view=,現役,
15442,夕張,ユウバリ,北海道,北海道,43.038333,141.956667,293,アメダス,気温 / 降水量 / 風 / 日照時間 / 積雪 / 湿度,https://www.data.jma.go.jp/stats/etrn/index.php?prec_no=15&block_no=0049&year=&month=&day=&view=,現役,
16026,美国,ビクニ,北海道,北海道,43.271667,140.563333,75,アメダス,気温 / 降水量 / 風 / 日照時間 / 湿度,https://www.data.jma.go.jp/stats/etrn/index.php?prec_no=16&block_no=0051&year=&month=&day=&view=,現役,
16061,神恵内,カモエナイ,北海道,北海道,43.145,140.423333,50,アメダス,気温 / 降水量 / 風 / 日照時間 / 湿度,https://www.data.jma.go.jp/stats/etrn/index.php?prec_no=16&block_no=1208&year=&month=&day=&view=,現役,
16076,余市,ヨイチ,北海道,北海道,43.181667,140.758333,20,アメダス,気温 / 降水量 / 風 / 日照時間 / 積雪 / 湿度,https://www.data.jma.go.jp/stats/etrn/index.php?prec_no=16&block_no=0052&year=&month=&day=&view=,現役,
16091,小樽,オタル,北海道,北海道,43.181667,141.015,25,気象台等,気温 / 降水量 / 風 / 日照時間 / 積雪 / 湿度,https://www.data.jma.go.jp/stats/etrn/index.php?prec_no=16&block_no=47411&year=&month=&day=&view=,現役,
16156,共和,キョウワ,北海道,北海道,42.98,140.603333,15,アメダス,気温 / 降水量 / 風 / 日照時間 / 積雪 / 湿度,https://www.data.jma.go.jp/stats/etrn/index.php?prec_no=16&block_no=0054&year=&month=&day=&view=,現役,
16206,蘭越,ランコシ,北海道,北海道,42.81,140.541667,39,アメダス,気温 / 降水量 / 風 / 日照時間 / 積雪 / 湿度,https://www.data.jma.go.jp/stats/etrn/index.php?prec_no=16&block_no=0055&year=&month=&day=&view=,現役,
16217,倶知安,クッチャン,北海道,北海道,42.9,140.756667,176,気象台等,気温 / 降水量 / 風 / 日照時間 / 積雪 / 湿度,https://www.data.jma.go.jp/stats/etrn/index.php?prec_no=16&block_no=47433&year=&month=&day=&view=,現役,
16252,寿都,スッツ,北海道,北海道,42.795,140.223333,33,気象台等,気温 / 降水量 / 風 / 日照時間 / 積雪 / 湿度,https://www.data.jma.go.jp/stats/etrn/index.php?prec_no=16&block_no=47421&year=&month=&day=&view=,現役,
16281,真狩,マッカリ,北海道,北海道,42.775,140.88,440,アメダス,気温 / 降水量 / 風 / 日照時間 / 湿度,https://www.data.jma.go.jp/stats/etrn/index.php?prec_no=16&block_no=1072&year=&month=&day=&view=,現役,
16286,喜茂別,キモベツ,北海道,北海道,42.793333,140.948333,264,アメダス,気温 / 降水量 / 風 / 日照時間 / 積雪 / 湿度,https://www.data.jma.go.jp/stats/etrn/index.php?prec_no=16&block_no=0060&year=&month=&day=&view=,現役,
16321,黒松内,クロマツナイ,北海道,北海道,42.663333,140.31,27,アメダス,気温 / 降水量 / 風 / 日照時間 / 積雪 / 湿度,https://www.data.jma.go.jp/stats/etrn/index.php?prec_no=16&block_no=0061&year=&month=&day=&view=,現役,
17036,雄武,オウム,北海道,北海道,44.58,142.963333,14,気象台等,気温 / 降水量 / 風 / 日照時間 / 積雪 / 湿度,https://www.data.jma.go.jp/stats/etrn/index.php?prec_no=17&block_no=47405&year=&month=&day=&view=,現役,
17076,興部,オコッペ,北海道,北海道,44.47,143.108333,8,アメダス,気温 / 降水量 / 風 / 日照時間 / 湿度,https://www.data.jma.go.jp/stats/etrn/index.php?prec_no=17&block_no=0063&year=&month=&day=&view=,現役,
17091,西興部,ニシオコッペ,北海道,北海道,44.331667,142.935,120,アメダス,気温 / 降水量 / 風 / 日照時間 / 積雪 / 湿度,https://www.data.jma.go.jp/stats/etrn/index.php?prec_no=17&block_no=1073&year=&month=&day=&view=,現役,
17112,紋別,モンベツ,北海道,北海道,44.345,143.355,16,気象台等,気温 / 降水量 / 風 / 日照時間 / 積雪 / 湿度,https://www.data.jma.go.jp/stats/etrn/index.php?prec_no=17&block_no=47435&year=&month=&day=&view=,現役,
17116,紋別小向,モンベツコムカイ：紋別空港,北海道,北海道,44.303333,143.403333,18,アメダス,気温 / 降水量 / 風 / 積雪,https://www.data.jma.go.jp/stats/etrn/index.php?prec_no=17&block_no=1487&year=&month=&day=&view=,現役,
17166,湧別,ユウベツ,北海道,北海道,44.213333,143.618333,5,アメダス,気温 / 降水量 / 風 / 日照時間 / 湿度,https://www.data.jma.go.jp/stats/etrn/index.php?prec_no=17&block_no=0065&year=&month=&day=&view=,現役,
17196,滝上,タキノウエ,北海道,北海道,44.176667,143.061667,165,アメダス,気温 / 降水量 / 風 / 日照時間 / 積雪 / 湿度,https://www.data.jma.go.jp/stats/etrn/index.php?prec_no=17&block_no=0066&year=&month=&day=&view=,現役,
17246,常呂,トコロ,北海道,北海道,44.115,144.036667,3,アメダス,気温 / 降水量 / 風 / 日照時間 / 湿度,https://www.data.jma.go.jp/stats/etrn/index.php?prec_no=17&block_no=0068&year=&month=&day=&view=,現役,
17306,遠軽,エンガル,北海道,北海道,44.053333,143.54,80,アメダス,気温 / 降水量 / 風 / 日照時間 / 積雪 / 湿度,https://www.data.jma.go.jp/stats/etrn/index.php?prec_no=17&block_no=0069&year=&month=&day=&view=,現役,
17316,佐呂間,サロマ,北海道,北海道,44.018333,143.76,54,アメダス,気温 / 降水量 / 風 / 日照時間 / 積雪 / 湿度,https://www.data.jma.go.jp/stats/etrn/index.php?prec_no=17&block_no=0070&year=&month=&day=&view=,現役,
17341,網走,アバシリ,北海道,北海道,44.016667,144.278333,38,気象台等,気温 / 降水量 / 風 / 日照時間 / 積雪 / 湿度,https://www.data.jma.go.jp/stats/etrn/index.php?prec_no=17&block_no=47409&year=&month=&day=&view=,現役,
17351,宇登呂,ウトロ,北海道,北海道,44.051667,144.981667,144,アメダス,気温 / 降水量 / 風 / 日照時間 / 積雪 / 湿度,https://www.data.jma.go.jp/stats/etrn/index.php?prec_no=17&block_no=0981&year=&month=&day=&view=,現役,
17482,白滝,シラタキ,北海道,北海道,43.865,143.153333,475,アメダス,気温 / 降水量 / 風 / 日照時間 / 積雪 / 湿度,https://www.data.jma.go.jp/stats/etrn/index.php?prec_no=17&block_no=1092&year=&month=&day=&view=,現役,
17501,生田原,イクタハラ,北海道,北海道,43.916667,143.531667,199,アメダス,気温 / 降水量 / 風 / 日照時間 / 湿度,https://www.data.jma.go.jp/stats/etrn/index.php?prec_no=17&block_no=0072&year=&month=&day=&view=,現役,
17521,北見,キタミ,北海道,北海道,43.776667,143.841667,104,アメダス,気温 / 降水量 / 風 / 日照時間 / 積雪 / 湿度,https://www.data.jma.go.jp/stats/etrn/index.php?prec_no=17&block_no=0074&year=&month=&day=&view=,現役,
17531,女満別,メマンベツ：女満別空港,北海道,北海道,43.88,144.163333,33,アメダス,気温 / 降水量 / 風 / 積雪,https://www.data.jma.go.jp/stats/etrn/index.php?prec_no=17&block_no=1460&year=&month=&day=&view=,現役,
17546,小清水,コシミズ,北海道,北海道,43.841667,144.485,52,アメダス,気温 / 降水量 / 風 / 日照時間 / 湿度,https://www.data.jma.go.jp/stats/etrn/index.php?prec_no=17&block_no=0075&year=&month=&day=&view=,現役,
17561,斜里,シャリ,北海道,北海道,43.885,144.7,15,アメダス,気温 / 降水量 / 風 / 日照時間 / 積雪 / 湿度,https://www.data.jma.go.jp/stats/etrn/index.php?prec_no=17&block_no=0076&year=&month=&day=&view=,現役,
17596,留辺蘂,ルベシベ,北海道,北海道,43.741667,143.45,325,アメダス,気温 / 降水量 / 風 / 日照時間 / 積雪 / 湿度,https://www.data.jma.go.jp/stats/etrn/index.php?prec_no=17&block_no=0077&year=&month=&day=&view=,現役,
17607,境野,サカイノ,北海道,北海道,43.706667,143.643333,184,アメダス,気温 / 降水量 / 風 / 日照時間 / 湿度,https://www.data.jma.go.jp/stats/etrn/index.php?prec_no=17&block_no=1209&year=&month=&day=&view=,現役,
17631,美幌,ビホロ,北海道,北海道,43.77,144.171667,60,アメダス,気温 / 降水量 / 風 / 日照時間 / 湿度,https://www.data.jma.go.jp/stats/etrn/index.php?prec_no=17&block_no=0079&year=&month=&day=&view=,現役,
17717,津別,ツベツ,北海道,北海道,43.701667,144.033333,100,アメダス,気温 / 降水量 / 風 / 日照時間 / 積雪 / 湿度,https://www.data.jma.go.jp/stats/etrn/index.php?prec_no=17&block_no=0082&year=&month=&day=&view=,現役,
18038,羅臼,ラウス,北海道,北海道,44.023333,145.186667,15,アメダス,気温 / 降水量 / 風 / 日照時間 / 積雪 / 湿度,https://www.data.jma.go.jp/stats/etrn/index.php?prec_no=18&block_no=0084&year=&month=&day=&view=,現役,
18136,標津,シベツ,北海道,北海道,43.661667,145.131667,3,アメダス,気温 / 降水量 / 風 / 日照時間 / 湿度,https://www.data.jma.go.jp/stats/etrn/index.php?prec_no=18&block_no=0085&year=&month=&day=&view=,現役,
18161,上標津,カミシベツ,北海道,北海道,43.52,144.746667,160,アメダス,気温 / 降水量 / 風 / 日照時間 / 湿度,https://www.data.jma.go.jp/stats/etrn/index.php?prec_no=18&block_no=1547&year=&month=&day=&view=,現役,
18171,中標津,ナカシベツ,北海道,北海道,43.543333,144.978333,50,アメダス,気温 / 降水量 / 風 / 日照時間 / 積雪 / 湿度,https://www.data.jma.go.jp/stats/etrn/index.php?prec_no=18&block_no=0086&year=&month=&day=&view=,現役,
18174,根室中標津,ネムロナカシベツ：中標津空港,北海道,北海道,43.576667,144.96,65,アメダス,気温 / 降水量 / 風 / 積雪,https://www.data.jma.go.jp/stats/etrn/index.php?prec_no=18&block_no=1489&year=&month=&day=&view=,現役,
18256,別海,ベツカイ,北海道,北海道,43.381667,145.118333,23,アメダス,気温 / 降水量 / 風 / 日照時間 / 積雪 / 湿度,https://www.data.jma.go.jp/stats/etrn/index.php?prec_no=18&block_no=0088&year=&month=&day=&view=,現役,
18273,根室,ネムロ,北海道,北海道,43.33,145.585,25,気象台等,気温 / 降水量 / 風 / 日照時間 / 積雪 / 湿度,https://www.data.jma.go.jp/stats/etrn/index.php?prec_no=18&block_no=47420&year=&month=&day=&view=,現役,
18281,納沙布,ノサップ,北海道,北海道,43.393333,145.758333,12,アメダス,気温 / 降水量 / 風 / 日照時間 / 湿度,https://www.data.jma.go.jp/stats/etrn/index.php?prec_no=18&block_no=1056&year=&month=&day=&view=,現役,
18311,厚床,アットコ,北海道,北海道,43.22,145.226667,41,アメダス,気温 / 降水量 / 風 / 日照時間 / 積雪 / 湿度,https://www.data.jma.go.jp/stats/etrn/index.php?prec_no=18&block_no=1196&year=&month=&day=&view=,現役,
19021,川湯,カワユ,北海道,北海道,43.616667,144.456667,158,アメダス,気温 / 降水量 / 風 / 日照時間 / 積雪 / 湿度,https://www.data.jma.go.jp/stats/etrn/index.php?prec_no=19&block_no=0090&year=&month=&day=&view=,現役,
19051,弟子屈,テシカガ,北海道,北海道,43.51,144.466667,170,アメダス,気温 / 降水量 / 風 / 日照時間 / 湿度,https://www.data.jma.go.jp/stats/etrn/index.php?prec_no=19&block_no=1187&year=&month=&day=&view=,現役,
19076,阿寒湖畔,アカンコハン,北海道,北海道,43.436667,144.083333,426,アメダス,気温 / 降水量 / 風 / 日照時間 / 積雪 / 湿度,https://www.data.jma.go.jp/stats/etrn/index.php?prec_no=19&block_no=0091&year=&month=&day=&view=,現役,
19151,標茶,シベチャ,北海道,北海道,43.291667,144.586667,20,アメダス,気温 / 降水量 / 風 / 日照時間 / 積雪 / 湿度,https://www.data.jma.go.jp/stats/etrn/index.php?prec_no=19&block_no=0093&year=&month=&day=&view=,現役,
19191,鶴居,ツルイ,北海道,北海道,43.231667,144.325,38,アメダス,気温 / 降水量 / 風 / 日照時間 / 積雪 / 湿度,https://www.data.jma.go.jp/stats/etrn/index.php?prec_no=19&block_no=1186&year=&month=&day=&view=,現役,
19261,中徹別,ナカテシベツ,北海道,北海道,43.198333,144.141667,80,アメダス,気温 / 降水量 / 風 / 日照時間 / 積雪 / 湿度,https://www.data.jma.go.jp/stats/etrn/index.php?prec_no=19&block_no=0095&year=&month=&day=&view=,現役,
19311,榊町,サカキマチ,北海道,北海道,43.12,145.11,2,アメダス,気温 / 降水量 / 風 / 日照時間 / 湿度,https://www.data.jma.go.jp/stats/etrn/index.php?prec_no=19&block_no=1195&year=&month=&day=&view=,現役,
19347,鶴丘,ツルオカ：釧路空港,北海道,北海道,43.04,144.191667,95,アメダス,気温 / 降水量 / 風 / 積雪,https://www.data.jma.go.jp/stats/etrn/index.php?prec_no=19&block_no=1461&year=&month=&day=&view=,現役,
19376,太田,オオタ,北海道,北海道,43.09,144.778333,85,アメダス,気温 / 降水量 / 風 / 日照時間 / 積雪 / 湿度,https://www.data.jma.go.jp/stats/etrn/index.php?prec_no=19&block_no=1192&year=&month=&day=&view=,現役,
19416,白糠,シラヌカ,北海道,北海道,42.97,144.061667,9,アメダス,気温 / 降水量 / 風 / 日照時間 / 積雪 / 湿度,https://www.data.jma.go.jp/stats/etrn/index.php?prec_no=19&block_no=0098&year=&month=&day=&view=,現役,
19432,釧路,クシロ,北海道,北海道,42.985,144.376667,5,気象台等,気温 / 降水量 / 風 / 日照時間 / 積雪 / 湿度,https://www.data.jma.go.jp/stats/etrn/index.php?prec_no=19&block_no=47418&year=&month=&day=&view=,現役,
19451,知方学,チッポマナイ,北海道,北海道,42.938333,144.735,149,アメダス,気温 / 降水量 / 風 / 日照時間 / 湿度,https://www.data.jma.go.jp/stats/etrn/index.php?prec_no=19&block_no=1283&year=&month=&day=&view=,現役,
20146,陸別,リクベツ,北海道,北海道,43.471667,143.753333,210,アメダス,気温 / 降水量 / 風 / 日照時間 / 積雪 / 湿度,https://www.data.jma.go.jp/stats/etrn/index.php?prec_no=20&block_no=0101&year=&month=&day=&view=,現役,
20186,ぬかびら源泉郷,ヌカビラゲンセンキョウ,北海道,北海道,43.366667,143.191667,540,アメダス,気温 / 降水量 / 風 / 日照時間 / 積雪 / 湿度,https://www.data.jma.go.jp/stats/etrn/index.php?prec_no=20&block_no=0103&year=&month=&day=&view=,現役,
20266,上士幌,カミシホロ,北海道,北海道,43.241667,143.295,287,アメダス,気温 / 降水量 / 風 / 日照時間 / 積雪 / 湿度,https://www.data.jma.go.jp/stats/etrn/index.php?prec_no=20&block_no=0107&year=&month=&day=&view=,現役,
20276,足寄,アショロ,北海道,北海道,43.243333,143.553333,90,アメダス,気温 / 降水量 / 風 / 日照時間 / 湿度,https://www.data.jma.go.jp/stats/etrn/index.php?prec_no=20&block_no=0109&year=&month=&day=&view=,現役,
20341,本別,ホンベツ,北海道,北海道,43.131667,143.6,67,アメダス,気温 / 降水量 / 風 / 日照時間 / 積雪 / 湿度,https://www.data.jma.go.jp/stats/etrn/index.php?prec_no=20&block_no=0112&year=&month=&day=&view=,現役,
20356,新得,シントク,北海道,北海道,43.076667,142.84,178,アメダス,気温 / 降水量 / 風 / 日照時間 / 積雪 / 湿度,https://www.data.jma.go.jp/stats/etrn/index.php?prec_no=20&block_no=0113&year=&month=&day=&view=,現役,
20361,鹿追,シカオイ,北海道,北海道,43.103333,142.995,206,アメダス,気温 / 降水量 / 風 / 日照時間 / 湿度,https://www.data.jma.go.jp/stats/etrn/index.php?prec_no=20&block_no=0114&year=&month=&day=&view=,現役,
20371,駒場,コマバ,北海道,北海道,43.05,143.183333,112,アメダス,気温 / 降水量 / 風 / 日照時間 / 湿度,https://www.data.jma.go.jp/stats/etrn/index.php?prec_no=20&block_no=1204&year=&month=&day=&view=,現役,
20421,芽室,メムロ,北海道,北海道,42.9,143.043333,90,アメダス,気温 / 降水量 / 風 / 日照時間 / 積雪 / 湿度,https://www.data.jma.go.jp/stats/etrn/index.php?prec_no=20&block_no=0115&year=&month=&day=&view=,現役,
20432,帯広,オビヒロ,北海道,北海道,42.921667,143.211667,38,気象台等,気温 / 降水量 / 風 / 日照時間 / 積雪 / 湿度,https://www.data.jma.go.jp/stats/etrn/index.php?prec_no=20&block_no=47417&year=&month=&day=&view=,現役,
20441,池田,イケダ,北海道,北海道,42.92,143.458333,42,アメダス,気温 / 降水量 / 風 / 日照時間 / 湿度,https://www.data.jma.go.jp/stats/etrn/index.php?prec_no=20&block_no=0117&year=&month=&day=&view=,現役,
20506,浦幌,ウラホロ,北海道,北海道,42.808333,143.656667,20,アメダス,気温 / 降水量 / 風 / 日照時間 / 積雪 / 湿度,https://www.data.jma.go.jp/stats/etrn/index.php?prec_no=20&block_no=0118&year=&month=&day=&view=,現役,
20551,帯広泉,オビヒロイズミ：帯広空港,北海道,北海道,42.733333,143.216667,149,アメダス,気温 / 降水量 / 風 / 積雪,https://www.data.jma.go.jp/stats/etrn/index.php?prec_no=20&block_no=1510&year=&month=&day=&view=,現役,
20556,糠内,ヌカナイ,北海道,北海道,42.786667,143.328333,70,アメダス,気温 / 降水量 / 風 / 日照時間 / 湿度,https://www.data.jma.go.jp/stats/etrn/index.php?prec_no=20&block_no=1286&year=&month=&day=&view=,現役,
20601,上札内,カミサツナイ,北海道,北海道,42.641667,143.096667,251,アメダス,気温 / 降水量 / 風 / 日照時間 / 積雪 / 湿度,https://www.data.jma.go.jp/stats/etrn/index.php?prec_no=20&block_no=1210&year=&month=&day=&view=,現役,
20606,更別,サラベツ,北海道,北海道,42.651667,143.195,185,アメダス,気温 / 降水量 / 風 / 日照時間 / 湿度,https://www.data.jma.go.jp/stats/etrn/index.php?prec_no=20&block_no=1211&year=&month=&day=&view=,現役,
20631,大津,オオツ,北海道,北海道,42.686667,143.646667,4,アメダス,気温 / 降水量 / 風 / 日照時間 / 湿度,https://www.data.jma.go.jp/stats/etrn/index.php?prec_no=20&block_no=1214&year=&month=&day=&view=,現役,
20696,大樹,タイキ,北海道,北海道,42.5,143.273333,87,アメダス,気温 / 降水量 / 風 / 日照時間 / 積雪 / 湿度,https://www.data.jma.go.jp/stats/etrn/index.php?prec_no=20&block_no=0121&year=&month=&day=&view=,現役,
20751,広尾,ヒロオ,北海道,北海道,42.293333,143.316667,32,気象台等,気温 / 降水量 / 風 / 日照時間 / 積雪 / 湿度,https://www.data.jma.go.jp/stats/etrn/index.php?prec_no=20&block_no=47440&year=&month=&day=&view=,現役,
21111,厚真,アツマ,北海道,北海道,42.73,141.888333,20,アメダス,気温 / 降水量 / 風 / 日照時間 / 湿度,https://www.data.jma.go.jp/stats/etrn/index.php?prec_no=21&block_no=0124&year=&month=&day=&view=,現役,
21126,穂別,ホベツ,北海道,北海道,42.761667,142.143333,56,アメダス,気温 / 降水量 / 風 / 日照時間 / 積雪 / 湿度,https://www.data.jma.go.jp/stats/etrn/index.php?prec_no=21&block_no=0125&year=&month=&day=&view=,現役,
21161,大滝,オオタキ,北海道,北海道,42.67,141.078333,390,アメダス,気温 / 降水量 / 風 / 日照時間 / 積雪 / 湿度,https://www.data.jma.go.jp/stats/etrn/index.php?prec_no=21&block_no=1067&year=&month=&day=&view=,現役,
21171,森野,モリノ,北海道,北海道,42.63,141.246667,170,アメダス,気温 / 降水量 / 風 / 日照時間 / 湿度,https://www.data.jma.go.jp/stats/etrn/index.php?prec_no=21&block_no=0126&year=&month=&day=&view=,現役,
21187,苫小牧,トマコマイ,北海道,北海道,42.623333,141.546667,6,気象台等,気温 / 降水量 / 風 / 日照時間 / 積雪 / 湿度,https://www.data.jma.go.jp/stats/etrn/index.php?prec_no=21&block_no=47424&year=&month=&day=&view=,現役,
21226,大岸,オオキシ,北海道,北海道,42.59,140.643333,4,アメダス,気温 / 降水量 / 風 / 日照時間 / 積雪 / 湿度,https://www.data.jma.go.jp/stats/etrn/index.php?prec_no=21&block_no=0128&year=&month=&day=&view=,現役,
21261,白老,シラオイ,北海道,北海道,42.543333,141.351667,6,アメダス,気温 / 降水量 / 風 / 日照時間 / 積雪 / 湿度,https://www.data.jma.go.jp/stats/etrn/index.php?prec_no=21&block_no=0130&year=&month=&day=&view=,現役,
21276,鵡川,ムカワ,北海道,北海道,42.59,141.933333,10,アメダス,気温 / 降水量 / 風 / 日照時間 / 湿度,https://www.data.jma.go.jp/stats/etrn/index.php?prec_no=21&block_no=0131&year=&month=&day=&view=,現役,
21297,伊達,ダテ,北海道,北海道,42.475,140.848333,3,アメダス,気温 / 降水量 / 風 / 日照時間 / 湿度,https://www.data.jma.go.jp/stats/etrn/index.php?prec_no=21&block_no=0132&year=&month=&day=&view=,現役,
21312,登別,ノボリベツ,北海道,北海道,42.458333,141.118333,197,アメダス,気温 / 降水量 / 風 / 日照時間 / 積雪 / 湿度,https://www.data.jma.go.jp/stats/etrn/index.php?prec_no=21&block_no=0134&year=&month=&day=&view=,現役,
21323,室蘭,ムロラン,北海道,北海道,42.311667,140.975,40,気象台等,気温 / 降水量 / 風 / 日照時間 / 積雪 / 湿度,https://www.data.jma.go.jp/stats/etrn/index.php?prec_no=21&block_no=47423&year=&month=&day=&view=,現役,
22036,日高,ヒダカ,北海道,北海道,42.876667,142.441667,280,アメダス,気温 / 降水量 / 風 / 日照時間 / 積雪 / 湿度,https://www.data.jma.go.jp/stats/etrn/index.php?prec_no=22&block_no=1202&year=&month=&day=&view=,現役,
22141,日高門別,ヒダカモンベツ,北海道,北海道,42.496667,142.053333,47,アメダス,気温 / 降水量 / 風 / 日照時間 / 湿度,https://www.data.jma.go.jp/stats/etrn/index.php?prec_no=22&block_no=0136&year=&month=&day=&view=,現役,
22156,新和,シンワ,北海道,北海道,42.543333,142.333333,60,アメダス,気温 / 降水量 / 風 / 日照時間 / 湿度,https://www.data.jma.go.jp/stats/etrn/index.php?prec_no=22&block_no=0137&year=&month=&day=&view=,現役,
22241,静内,シズナイ,北海道,北海道,42.343333,142.361667,10,アメダス,気温 / 降水量 / 風 / 日照時間 / 積雪 / 湿度,https://www.data.jma.go.jp/stats/etrn/index.php?prec_no=22&block_no=0140&year=&month=&day=&view=,現役,
22291,三石,ミツイシ,北海道,北海道,42.245,142.661667,10,アメダス,気温 / 降水量 / 風 / 日照時間 / 湿度,https://www.data.jma.go.jp/stats/etrn/index.php?prec_no=22&block_no=1198&year=&month=&day=&view=,現役,
22306,中杵臼,ナカキネウス,北海道,北海道,42.223333,142.948333,98,アメダス,気温 / 降水量 / 風 / 日照時間 / 積雪 / 湿度,https://www.data.jma.go.jp/stats/etrn/index.php?prec_no=22&block_no=1288&year=&month=&day=&view=,現役,
22327,浦河,ウラカワ,北海道,北海道,42.161667,142.776667,37,気象台等,気温 / 降水量 / 風 / 日照時間 / 積雪 / 湿度,https://www.data.jma.go.jp/stats/etrn/index.php?prec_no=22&block_no=47426&year=&month=&day=&view=,現役,
22391,えりも岬,エリモミサキ,北海道,北海道,41.925,143.243333,63,アメダス,気温 / 降水量 / 風 / 日照時間 / 湿度,https://www.data.jma.go.jp/stats/etrn/index.php?prec_no=22&block_no=1340&year=&month=&day=&view=,現役,
23031,長万部,オシャマンベ,北海道,北海道,42.516667,140.373333,6,アメダス,気温 / 降水量 / 風 / 日照時間 / 積雪 / 湿度,https://www.data.jma.go.jp/stats/etrn/index.php?prec_no=23&block_no=0143&year=&month=&day=&view=,現役,
23086,八雲,ヤクモ,北海道,北海道,42.251667,140.271667,8,アメダス,気温 / 降水量 / 風 / 日照時間 / 積雪 / 湿度,https://www.data.jma.go.jp/stats/etrn/index.php?prec_no=23&block_no=0144&year=&month=&day=&view=,現役,
23166,森,モリ,北海道,北海道,42.066667,140.588333,125,アメダス,気温 / 降水量 / 風 / 日照時間 / 積雪 / 湿度,https://www.data.jma.go.jp/stats/etrn/index.php?prec_no=23&block_no=0145&year=&month=&day=&view=,現役,
23206,川汲,カックミ,北海道,北海道,41.906667,140.97,31,アメダス,気温 / 降水量 / 風 / 日照時間 / 湿度,https://www.data.jma.go.jp/stats/etrn/index.php?prec_no=23&block_no=0147&year=&month=&day=&view=,現役,
23226,北斗,ホクト,北海道,北海道,41.886667,140.653333,25,アメダス,気温 / 降水量 / 風 / 日照時間 / 湿度,https://www.data.jma.go.jp/stats/etrn/index.php?prec_no=23&block_no=0148&year=&month=&day=&view=,現役,
23232,函館,ハコダテ,北海道,北海道,41.816667,140.753333,35,気象台等,気温 / 降水量 / 風 / 日照時間 / 積雪 / 湿度,https://www.data.jma.go.jp/stats/etrn/index.php?prec_no=23&block_no=47430&year=&month=&day=&view=,現役,
23281,高松,タカマツ：函館空港,北海道,北海道,41.77,140.821667,34,アメダス,気温 / 降水量 / 風 / 積雪,https://www.data.jma.go.jp/stats/etrn/index.php?prec_no=23&block_no=1462&year=&month=&day=&view=,現役,
23326,木古内,キコナイ,北海道,北海道,41.68,140.436667,10,アメダス,気温 / 降水量 / 風 / 日照時間 / 湿度,https://www.data.jma.go.jp/stats/etrn/index.php?prec_no=23&block_no=0917&year=&month=&day=&view=,現役,
23376,松前,マツマエ,北海道,北海道,41.423333,140.086667,30,アメダス,気温 / 降水量 / 風 / 日照時間 / 湿度,https://www.data.jma.go.jp/stats/etrn/index.php?prec_no=23&block_no=0152&year=&month=&day=&view=,現役,
24041,せたな,セタナ,北海道,北海道,42.45,139.851667,10,アメダス,気温 / 降水量 / 風 / 日照時間 / 湿度,https://www.data.jma.go.jp/stats/etrn/index.php?prec_no=24&block_no=0153&year=&month=&day=&view=,現役,
24051,今金,イマカネ,北海道,北海道,42.428333,140.008333,19,アメダス,気温 / 降水量 / 風 / 日照時間 / 積雪 / 湿度,https://www.data.jma.go.jp/stats/etrn/index.php?prec_no=24&block_no=0154&year=&month=&day=&view=,現役,
24101,奥尻,オクシリ,北海道,北海道,42.248333,139.556667,5,アメダス,気温 / 降水量 / 風 / 日照時間 / 湿度,https://www.data.jma.go.jp/stats/etrn/index.php?prec_no=24&block_no=1199&year=&month=&day=&view=,現役,
24141,熊石,クマイシ,北海道,北海道,42.128333,139.985,12,アメダス,気温 / 降水量 / 風 / 日照時間 / 積雪 / 湿度,https://www.data.jma.go.jp/stats/etrn/index.php?prec_no=23&block_no=0155&year=&month=&day=&view=,現役,
24156,米岡,ヨネオカ：奥尻空港,北海道,北海道,42.071667,139.431667,49,アメダス,気温 / 降水量 / 風,https://www.data.jma.go.jp/stats/etrn/index.php?prec_no=24&block_no=1513&year=&month=&day=&view=,現役,
24201,鶉,ウズラ,北海道,北海道,41.93,140.311667,53,アメダス,気温 / 降水量 / 風 / 日照時間 / 積雪 / 湿度,https://www.data.jma.go.jp/stats/etrn/index.php?prec_no=24&block_no=1200&year=&month=&day=&view=,現役,
24217,江差,エサシ,北海道,北海道,41.866667,140.123333,4,気象台等,気温 / 降水量 / 風 / 日照時間 / 積雪 / 湿度,https://www.data.jma.go.jp/stats/etrn/index.php?prec_no=24&block_no=47428&year=&month=&day=&view=,現役,
31001,大間,オオマ,青森県,東北,41.526667,140.911667,14,アメダス,気温 / 降水量 / 風 / 日照時間 / 積雪 / 湿度,https://www.data.jma.go.jp/stats/etrn/index.php?prec_no=31&block_no=1041&year=&month=&day=&view=,現役,
31111,むつ,ムツ,青森県,東北,41.283333,141.21,3,気象台等,気温 / 降水量 / 風 / 日照時間 / 積雪 / 湿度,https://www.data.jma.go.jp/stats/etrn/index.php?prec_no=31&block_no=47576&year=&month=&day=&view=,現役,
31121,小田野沢,オダノサワ,青森県,東北,41.235,141.396667,6,アメダス,気温 / 降水量 / 風 / 日照時間 / 湿度,https://www.data.jma.go.jp/stats/etrn/index.php?prec_no=31&block_no=1122&year=&month=&day=&view=,現役,
31136,今別,イマベツ,青森県,東北,41.18,140.481667,30,アメダス,気温 / 降水量 / 風 / 日照時間 / 積雪 / 湿度,https://www.data.jma.go.jp/stats/etrn/index.php?prec_no=31&block_no=1026&year=&month=&day=&view=,現役,
31156,脇野沢,ワキノサワ,青森県,東北,41.145,140.821667,15,アメダス,気温 / 降水量 / 風 / 日照時間 / 積雪 / 湿度,https://www.data.jma.go.jp/stats/etrn/index.php?prec_no=31&block_no=1124&year=&month=&day=&view=,現役,
31186,市浦,シウラ,青森県,東北,41.056667,140.346667,20,アメダス,気温 / 降水量 / 風 / 日照時間 / 湿度,https://www.data.jma.go.jp/stats/etrn/index.php?prec_no=31&block_no=1119&year=&month=&day=&view=,現役,
31201,蟹田,カニタ,青森県,東北,41.045,140.633333,5,アメダス,気温 / 降水量 / 風 / 日照時間 / 湿度,https://www.data.jma.go.jp/stats/etrn/index.php?prec_no=31&block_no=0160&year=&month=&day=&view=,現役,
31296,五所川原,ゴショガワラ,青森県,東北,40.808333,140.458333,9,アメダス,気温 / 降水量 / 風 / 日照時間 / 積雪 / 湿度,https://www.data.jma.go.jp/stats/etrn/index.php?prec_no=31&block_no=0164&year=&month=&day=&view=,現役,
31312,青森,アオモリ,青森県,東北,40.821667,140.768333,3,気象台等,気温 / 降水量 / 風 / 日照時間 / 積雪 / 湿度,https://www.data.jma.go.jp/stats/etrn/index.php?prec_no=31&block_no=47575&year=&month=&day=&view=,現役,
31332,野辺地,ノヘジ,青森県,東北,40.885,141.16,14,アメダス,気温 / 降水量 / 風 / 日照時間 / 積雪 / 湿度,https://www.data.jma.go.jp/stats/etrn/index.php?prec_no=31&block_no=0162&year=&month=&day=&view=,現役,
31336,六ケ所,ロッカショ,青森県,東北,40.885,141.271667,80,アメダス,気温 / 降水量 / 風 / 日照時間 / 湿度,https://www.data.jma.go.jp/stats/etrn/index.php?prec_no=31&block_no=1027&year=&month=&day=&view=,現役,
31366,鰺ケ沢,アジガサワ,青森県,東北,40.776667,140.205,40,アメダス,気温 / 降水量 / 風 / 日照時間 / 積雪 / 湿度,https://www.data.jma.go.jp/stats/etrn/index.php?prec_no=31&block_no=0163&year=&month=&day=&view=,現役,
31386,青森大谷,アオモリオオタニ：青森空港,青森県,東北,40.733333,140.688333,198,アメダス,気温 / 降水量 / 風 / 積雪,https://www.data.jma.go.jp/stats/etrn/index.php?prec_no=31&block_no=1495&year=&month=&day=&view=,現役,
31436,深浦,フカウラ,青森県,東北,40.645,139.931667,66,気象台等,気温 / 降水量 / 風 / 日照時間 / 積雪 / 湿度,https://www.data.jma.go.jp/stats/etrn/index.php?prec_no=31&block_no=47574&year=&month=&day=&view=,現役,
31461,弘前,ヒロサキ,青森県,東北,40.611667,140.455,30,アメダス,気温 / 降水量 / 風 / 日照時間 / 積雪 / 湿度,https://www.data.jma.go.jp/stats/etrn/index.php?prec_no=31&block_no=0166&year=&month=&day=&view=,現役,
31466,黒石,クロイシ,青森県,東北,40.666667,140.585,30,アメダス,気温 / 降水量 / 風 / 日照時間 / 湿度,https://www.data.jma.go.jp/stats/etrn/index.php?prec_no=31&block_no=0167&year=&month=&day=&view=,現役,
31482,酸ケ湯,スカユ,青森県,東北,40.648333,140.848333,890,アメダス,気温 / 降水量 / 風 / 日照時間 / 積雪 / 湿度,https://www.data.jma.go.jp/stats/etrn/index.php?prec_no=31&block_no=1079&year=&month=&day=&view=,現役,
31506,三沢,ミサワ,青森県,東北,40.675,141.375,39,アメダス,気温 / 降水量 / 風 / 日照時間 / 湿度,https://www.data.jma.go.jp/stats/etrn/index.php?prec_no=31&block_no=0169&year=&month=&day=&view=,現役,
31586,十和田,トワダ,青森県,東北,40.606667,141.233333,55,アメダス,気温 / 降水量 / 風 / 日照時間 / 積雪 / 湿度,https://www.data.jma.go.jp/stats/etrn/index.php?prec_no=31&block_no=0172&year=&month=&day=&view=,現役,
31602,八戸,ハチノヘ,青森県,東北,40.526667,141.521667,27,気象台等,気温 / 降水量 / 風 / 日照時間 / 積雪 / 湿度,https://www.data.jma.go.jp/stats/etrn/index.php?prec_no=31&block_no=47581&year=&month=&day=&view=,現役,
31646,碇ケ関,イカリガセキ,青森県,東北,40.481667,140.62,135,アメダス,気温 / 降水量 / 風 / 日照時間 / 積雪 / 湿度,https://www.data.jma.go.jp/stats/etrn/index.php?prec_no=31&block_no=0175&year=&month=&day=&view=,現役,
31662,休屋,ヤスミヤ,青森県,東北,40.426667,140.898333,414,アメダス,気温 / 降水量 / 風 / 日照時間 / 湿度,https://www.data.jma.go.jp/stats/etrn/index.php?prec_no=31&block_no=0177&year=&month=&day=&view=,現役,
31721,三戸,サンノヘ,青森県,東北,40.383333,141.256667,60,アメダス,気温 / 降水量 / 風 / 日照時間 / 積雪 / 湿度,https://www.data.jma.go.jp/stats/etrn/index.php?prec_no=31&block_no=0179&year=&month=&day=&view=,現役,
32056,八森,ハチモリ,秋田県,東北,40.413333,139.948333,34,アメダス,気温 / 降水量 / 風 / 日照時間 / 湿度,https://www.data.jma.go.jp/stats/etrn/index.php?prec_no=32&block_no=1043&year=&month=&day=&view=,現役,
32111,能代,ノシロ,秋田県,東北,40.198333,140.031667,6,アメダス,気温 / 降水量 / 風 / 日照時間 / 積雪 / 湿度,https://www.data.jma.go.jp/stats/etrn/index.php?prec_no=32&block_no=0183&year=&month=&day=&view=,現役,
32126,鷹巣,タカノス,秋田県,東北,40.226667,140.371667,29,アメダス,気温 / 降水量 / 風 / 日照時間 / 積雪 / 湿度,https://www.data.jma.go.jp/stats/etrn/index.php?prec_no=32&block_no=0184&year=&month=&day=&view=,現役,
32136,大館,オオダテ,秋田県,東北,40.251667,140.505,49,アメダス,気温 / 降水量 / 風 / 日照時間 / 湿度,https://www.data.jma.go.jp/stats/etrn/index.php?prec_no=32&block_no=0912&year=&month=&day=&view=,現役,
32146,鹿角,カヅノ,秋田県,東北,40.215,140.786667,123,アメダス,気温 / 降水量 / 風 / 日照時間 / 積雪 / 湿度,https://www.data.jma.go.jp/stats/etrn/index.php?prec_no=32&block_no=0185&year=&month=&day=&view=,現役,
32181,脇神,ワキガミ：大館能代空港,秋田県,東北,40.191667,140.371667,84,アメダス,気温 / 降水量 / 風,https://www.data.jma.go.jp/stats/etrn/index.php?prec_no=32&block_no=1463&year=&month=&day=&view=,現役,
32206,湯瀬,ユゼ,秋田県,東北,40.12,140.84,214,アメダス,気温 / 降水量 / 風 / 日照時間 / 湿度,https://www.data.jma.go.jp/stats/etrn/index.php?prec_no=32&block_no=0186&year=&month=&day=&view=,現役,
32266,八幡平,ハチマンタイ,秋田県,東北,40.013333,140.801667,578,アメダス,気温 / 降水量 / 風 / 日照時間 / 湿度,https://www.data.jma.go.jp/stats/etrn/index.php?prec_no=32&block_no=1289&year=&month=&day=&view=,現役,
32286,男鹿,オガ,秋田県,東北,39.911667,139.9,20,アメダス,気温 / 降水量 / 風 / 日照時間 / 湿度,https://www.data.jma.go.jp/stats/etrn/index.php?prec_no=32&block_no=1036&year=&month=&day=&view=,現役,
32287,大潟,オオガタ,秋田県,東北,40,139.95,-3,アメダス,気温 / 降水量 / 風 / 日照時間 / 湿度,https://www.data.jma.go.jp/stats/etrn/index.php?prec_no=32&block_no=1035&year=&month=&day=&view=,現役,
32296,五城目,ゴジョウメ,秋田県,東北,39.938333,140.115,6,アメダス,気温 / 降水量 / 風 / 日照時間 / 積雪 / 湿度,https://www.data.jma.go.jp/stats/etrn/index.php?prec_no=32&block_no=0188&year=&month=&day=&view=,現役,
32311,阿仁合,アニアイ,秋田県,東北,39.993333,140.403333,120,アメダス,気温 / 降水量 / 風 / 日照時間 / 積雪 / 湿度,https://www.data.jma.go.jp/stats/etrn/index.php?prec_no=32&block_no=1131&year=&month=&day=&view=,現役,
32402,秋田,アキタ,秋田県,東北,39.716667,140.098333,6,気象台等,気温 / 降水量 / 風 / 日照時間 / 積雪 / 湿度,https://www.data.jma.go.jp/stats/etrn/index.php?prec_no=32&block_no=47582&year=&month=&day=&view=,現役,
32407,岩見三内,イワミサンナイ,秋田県,東北,39.706667,140.286667,41,アメダス,気温 / 降水量 / 風 / 日照時間 / 湿度,https://www.data.jma.go.jp/stats/etrn/index.php?prec_no=32&block_no=0192&year=&month=&day=&view=,現役,
32451,雄和,ユウワ：秋田空港,秋田県,東北,39.615,140.218333,93,アメダス,気温 / 降水量 / 風 / 積雪,https://www.data.jma.go.jp/stats/etrn/index.php?prec_no=32&block_no=1511&year=&month=&day=&view=,現役,
32466,角館,カクノダテ,秋田県,東北,39.603333,140.556667,56,アメダス,気温 / 降水量 / 風 / 日照時間 / 積雪 / 湿度,https://www.data.jma.go.jp/stats/etrn/index.php?prec_no=32&block_no=0193&year=&month=&day=&view=,現役,
32476,田沢湖,タザワコ,秋田県,東北,39.698333,140.731667,230,アメダス,気温 / 降水量 / 風 / 日照時間 / 湿度,https://www.data.jma.go.jp/stats/etrn/index.php?prec_no=32&block_no=0194&year=&month=&day=&view=,現役,
32496,大正寺,ダイショウジ,秋田県,東北,39.526667,140.233333,20,アメダス,気温 / 降水量 / 風 / 日照時間 / 積雪 / 湿度,https://www.data.jma.go.jp/stats/etrn/index.php?prec_no=32&block_no=1050&year=&month=&day=&view=,現役,
32551,大曲,オオマガリ,秋田県,東北,39.49,140.495,30,アメダス,気温 / 降水量 / 風 / 日照時間 / 湿度,https://www.data.jma.go.jp/stats/etrn/index.php?prec_no=32&block_no=0195&year=&month=&day=&view=,現役,
32571,本荘,ホンジョウ,秋田県,東北,39.36,140.055,11,アメダス,気温 / 降水量 / 風 / 日照時間 / 積雪 / 湿度,https://www.data.jma.go.jp/stats/etrn/index.php?prec_no=32&block_no=0196&year=&month=&day=&view=,現役,
32581,東由利,ヒガシユリ,秋田県,東北,39.305,140.288333,117,アメダス,気温 / 降水量 / 風 / 日照時間 / 湿度,https://www.data.jma.go.jp/stats/etrn/index.php?prec_no=32&block_no=1117&year=&month=&day=&view=,現役,
32596,横手,ヨコテ,秋田県,東北,39.32,140.555,59,アメダス,気温 / 降水量 / 風 / 日照時間 / 積雪 / 湿度,https://www.data.jma.go.jp/stats/etrn/index.php?prec_no=32&block_no=0198&year=&month=&day=&view=,現役,
32616,にかほ,ニカホ,秋田県,東北,39.255,139.913333,7,アメダス,気温 / 降水量 / 風 / 日照時間 / 湿度,https://www.data.jma.go.jp/stats/etrn/index.php?prec_no=32&block_no=0199&year=&month=&day=&view=,現役,
32626,矢島,ヤシマ,秋田県,東北,39.235,140.136667,46,アメダス,気温 / 降水量 / 風 / 日照時間 / 積雪 / 湿度,https://www.data.jma.go.jp/stats/etrn/index.php?prec_no=32&block_no=0200&year=&month=&day=&view=,現役,
32691,湯沢,ユザワ,秋田県,東北,39.186667,140.463333,74,アメダス,気温 / 降水量 / 風 / 日照時間 / 積雪 / 湿度,https://www.data.jma.go.jp/stats/etrn/index.php?prec_no=32&block_no=0202&year=&month=&day=&view=,現役,
32771,湯の岱,ユノタイ,秋田県,東北,38.96,140.528333,335,アメダス,気温 / 降水量 / 風 / 日照時間 / 積雪 / 湿度,https://www.data.jma.go.jp/stats/etrn/index.php?prec_no=32&block_no=0204&year=&month=&day=&view=,現役,
33006,種市,タネイチ,岩手県,東北,40.403333,141.7,70,アメダス,気温 / 降水量 / 風 / 日照時間 / 湿度,https://www.data.jma.go.jp/stats/etrn/index.php?prec_no=33&block_no=0205&year=&month=&day=&view=,現役,
33026,軽米,カルマイ,岩手県,東北,40.325,141.466667,148,アメダス,気温 / 降水量 / 風 / 日照時間 / 湿度,https://www.data.jma.go.jp/stats/etrn/index.php?prec_no=33&block_no=0206&year=&month=&day=&view=,現役,
33071,二戸,ニノヘ,岩手県,東北,40.298333,141.298333,87,アメダス,気温 / 降水量 / 風 / 日照時間 / 積雪 / 湿度,https://www.data.jma.go.jp/stats/etrn/index.php?prec_no=33&block_no=0207&year=&month=&day=&view=,現役,
33136,山形,ヤマガタ,岩手県,東北,40.148333,141.571667,290,アメダス,気温 / 降水量 / 風 / 日照時間 / 湿度,https://www.data.jma.go.jp/stats/etrn/index.php?prec_no=33&block_no=1219&year=&month=&day=&view=,現役,
33146,久慈,クジ,岩手県,東北,40.168333,141.748333,13,アメダス,気温 / 降水量 / 風 / 日照時間 / 積雪 / 湿度,https://www.data.jma.go.jp/stats/etrn/index.php?prec_no=33&block_no=0209&year=&month=&day=&view=,現役,
33166,荒屋,アラヤ,岩手県,東北,40.103333,141.05,290,アメダス,気温 / 降水量 / 風 / 日照時間 / 湿度,https://www.data.jma.go.jp/stats/etrn/index.php?prec_no=33&block_no=1120&year=&month=&day=&view=,現役,
33176,奥中山,オクナカヤマ,岩手県,東北,40.06,141.225,430,アメダス,気温 / 降水量 / 風 / 日照時間 / 積雪 / 湿度,https://www.data.jma.go.jp/stats/etrn/index.php?prec_no=33&block_no=1215&year=&month=&day=&view=,現役,
33186,葛巻,クズマキ,岩手県,東北,40.04,141.456667,418,アメダス,気温 / 降水量 / 風 / 日照時間 / 積雪 / 湿度,https://www.data.jma.go.jp/stats/etrn/index.php?prec_no=33&block_no=0211&year=&month=&day=&view=,現役,
33206,普代,フダイ,岩手県,東北,40.003333,141.883333,8,アメダス,気温 / 降水量 / 風 / 日照時間 / 湿度,https://www.data.jma.go.jp/stats/etrn/index.php?prec_no=33&block_no=1123&year=&month=&day=&view=,現役,
33226,岩手松尾,イワテマツオ,岩手県,東北,39.951667,141.065,275,アメダス,気温 / 降水量 / 風 / 日照時間 / 積雪 / 湿度,https://www.data.jma.go.jp/stats/etrn/index.php?prec_no=33&block_no=0214&year=&month=&day=&view=,現役,
33296,好摩,コウマ,岩手県,東北,39.868333,141.166667,205,アメダス,気温 / 降水量 / 風 / 日照時間 / 湿度,https://www.data.jma.go.jp/stats/etrn/index.php?prec_no=33&block_no=1032&year=&month=&day=&view=,現役,
33326,岩泉,イワイズミ,岩手県,東北,39.846667,141.795,105,アメダス,気温 / 降水量 / 風 / 日照時間 / 積雪 / 湿度,https://www.data.jma.go.jp/stats/etrn/index.php?prec_no=33&block_no=0218&year=&month=&day=&view=,現役,
33336,小本,オモト,岩手県,東北,39.846667,141.963333,3,アメダス,気温 / 降水量 / 風 / 日照時間 / 湿度,https://www.data.jma.go.jp/stats/etrn/index.php?prec_no=33&block_no=1212&year=&month=&day=&view=,現役,
33371,薮川,ヤブカワ,岩手県,東北,39.783333,141.328333,680,アメダス,気温 / 降水量 / 風 / 日照時間 / 湿度,https://www.data.jma.go.jp/stats/etrn/index.php?prec_no=33&block_no=1078&year=&month=&day=&view=,現役,
33421,雫石,シズクイシ,岩手県,東北,39.696667,140.975,195,アメダス,気温 / 降水量 / 風 / 日照時間 / 積雪 / 湿度,https://www.data.jma.go.jp/stats/etrn/index.php?prec_no=33&block_no=0221&year=&month=&day=&view=,現役,
33431,盛岡,モリオカ,岩手県,東北,39.698333,141.165,155,気象台等,気温 / 降水量 / 風 / 日照時間 / 積雪 / 湿度,https://www.data.jma.go.jp/stats/etrn/index.php?prec_no=33&block_no=47584&year=&month=&day=&view=,現役,
33441,区界,クザカイ,岩手県,東北,39.65,141.353333,734,アメダス,気温 / 降水量 / 風 / 日照時間 / 積雪 / 湿度,https://www.data.jma.go.jp/stats/etrn/index.php?prec_no=33&block_no=1447&year=&month=&day=&view=,現役,
33472,宮古,ミヤコ,岩手県,東北,39.646667,141.965,43,気象台等,気温 / 降水量 / 風 / 日照時間 / 積雪 / 湿度,https://www.data.jma.go.jp/stats/etrn/index.php?prec_no=33&block_no=47585&year=&month=&day=&view=,現役,
33486,沢内,サワウチ,岩手県,東北,39.548333,140.843333,407,アメダス,気温 / 降水量 / 風 / 日照時間 / 湿度,https://www.data.jma.go.jp/stats/etrn/index.php?prec_no=33&block_no=1118&year=&month=&day=&view=,現役,
33501,紫波,シワ,岩手県,東北,39.546667,141.126667,125,アメダス,気温 / 降水量 / 風 / 日照時間 / 湿度,https://www.data.jma.go.jp/stats/etrn/index.php?prec_no=33&block_no=1128&year=&month=&day=&view=,現役,
33526,川井,カワイ,岩手県,東北,39.598333,141.681667,192,アメダス,気温 / 降水量 / 風 / 日照時間 / 湿度,https://www.data.jma.go.jp/stats/etrn/index.php?prec_no=33&block_no=1224&year=&month=&day=&view=,現役,
33576,花巻,ハナマキ：花巻空港,岩手県,東北,39.428333,141.135,90,アメダス,気温 / 降水量 / 風 / 積雪,https://www.data.jma.go.jp/stats/etrn/index.php?prec_no=33&block_no=0227&year=&month=&day=&view=,現役,
33581,大迫,オオハサマ,岩手県,東北,39.47,141.278333,150,アメダス,気温 / 降水量 / 風 / 日照時間 / 湿度,https://www.data.jma.go.jp/stats/etrn/index.php?prec_no=33&block_no=0228&year=&month=&day=&view=,現役,
33616,山田,ヤマダ,岩手県,東北,39.45,141.956667,24,アメダス,気温 / 降水量 / 風 / 日照時間 / 湿度,https://www.data.jma.go.jp/stats/etrn/index.php?prec_no=33&block_no=1033&year=&month=&day=&view=,現役,
33631,湯田,ユダ,岩手県,東北,39.31,140.776667,250,アメダス,気温 / 降水量 / 風 / 日照時間 / 積雪 / 湿度,https://www.data.jma.go.jp/stats/etrn/index.php?prec_no=33&block_no=0229&year=&month=&day=&view=,現役,
33671,遠野,トオノ,岩手県,東北,39.338333,141.543333,275,アメダス,気温 / 降水量 / 風 / 日照時間 / 積雪 / 湿度,https://www.data.jma.go.jp/stats/etrn/index.php?prec_no=33&block_no=0231&year=&month=&day=&view=,現役,
33716,北上,キタカミ,岩手県,東北,39.288333,141.11,61,アメダス,気温 / 降水量 / 風 / 日照時間 / 積雪 / 湿度,https://www.data.jma.go.jp/stats/etrn/index.php?prec_no=33&block_no=0230&year=&month=&day=&view=,現役,
33751,釜石,カマイシ,岩手県,東北,39.27,141.878333,5,アメダス,気温 / 降水量 / 風 / 日照時間 / 湿度,https://www.data.jma.go.jp/stats/etrn/index.php?prec_no=33&block_no=0233&year=&month=&day=&view=,現役,
33776,若柳,ワカヤナギ,岩手県,東北,39.14,141.063333,97,アメダス,気温 / 降水量 / 風 / 日照時間 / 湿度,https://www.data.jma.go.jp/stats/etrn/index.php?prec_no=33&block_no=0235&year=&month=&day=&view=,現役,
33781,江刺,エサシ,岩手県,東北,39.183333,141.161667,42,アメダス,気温 / 降水量 / 風 / 日照時間 / 湿度,https://www.data.jma.go.jp/stats/etrn/index.php?prec_no=33&block_no=0236&year=&month=&day=&view=,現役,
33801,住田,スミタ,岩手県,東北,39.141667,141.573333,80,アメダス,気温 / 降水量 / 風 / 日照時間 / 湿度,https://www.data.jma.go.jp/stats/etrn/index.php?prec_no=33&block_no=1206&year=&month=&day=&view=,現役,
33877,大船渡,オオフナト,岩手県,東北,39.063333,141.713333,37,気象台等,気温 / 降水量 / 風 / 日照時間 / 積雪 / 湿度,https://www.data.jma.go.jp/stats/etrn/index.php?prec_no=33&block_no=47512&year=&month=&day=&view=,現役,
33911,一関,イチノセキ,岩手県,東北,38.933333,141.125,32,アメダス,気温 / 降水量 / 風 / 日照時間 / 積雪 / 湿度,https://www.data.jma.go.jp/stats/etrn/index.php?prec_no=33&block_no=0238&year=&month=&day=&view=,現役,
33921,千厩,センマヤ,岩手県,東北,38.921667,141.33,120,アメダス,気温 / 降水量 / 風 / 日照時間 / 湿度,https://www.data.jma.go.jp/stats/etrn/index.php?prec_no=33&block_no=0239&year=&month=&day=&view=,現役,
34012,駒ノ湯,コマノユ,宮城県,東北,38.913333,140.828333,532,アメダス,気温 / 降水量 / 風 / 日照時間 / 積雪 / 湿度,https://www.data.jma.go.jp/stats/etrn/index.php?prec_no=34&block_no=1126&year=&month=&day=&view=,現役,
34026,気仙沼,ケセンヌマ,宮城県,東北,38.906667,141.556667,62,アメダス,気温 / 降水量 / 風 / 日照時間 / 湿度,https://www.data.jma.go.jp/stats/etrn/index.php?prec_no=34&block_no=0242&year=&month=&day=&view=,現役,
34096,川渡,カワタビ,宮城県,東北,38.743333,140.76,170,アメダス,気温 / 降水量 / 風 / 日照時間 / 積雪 / 湿度,https://www.data.jma.go.jp/stats/etrn/index.php?prec_no=34&block_no=0243&year=&month=&day=&view=,現役,
34111,築館,ツキダテ,宮城県,東北,38.735,141.005,25,アメダス,気温 / 降水量 / 風 / 日照時間 / 湿度,https://www.data.jma.go.jp/stats/etrn/index.php?prec_no=34&block_no=0244&year=&month=&day=&view=,現役,
34171,米山,ヨネヤマ,宮城県,東北,38.625,141.186667,4,アメダス,気温 / 降水量 / 風 / 日照時間 / 湿度,https://www.data.jma.go.jp/stats/etrn/index.php?prec_no=34&block_no=1029&year=&month=&day=&view=,現役,
34186,志津川,シヅガワ,宮城県,東北,38.681667,141.448333,39,アメダス,気温 / 降水量 / 風 / 日照時間 / 湿度,https://www.data.jma.go.jp/stats/etrn/index.php?prec_no=34&block_no=0246&year=&month=&day=&view=,現役,
34216,古川,フルカワ,宮城県,東北,38.598333,140.911667,28,アメダス,気温 / 降水量 / 風 / 日照時間 / 積雪 / 湿度,https://www.data.jma.go.jp/stats/etrn/index.php?prec_no=34&block_no=0247&year=&month=&day=&view=,現役,
34266,大衡,オオヒラ,宮城県,東北,38.473333,140.888333,57,アメダス,気温 / 降水量 / 風 / 日照時間 / 湿度,https://www.data.jma.go.jp/stats/etrn/index.php?prec_no=34&block_no=0248&year=&month=&day=&view=,現役,
34276,鹿島台,カシマダイ,宮城県,東北,38.46,141.091667,3,アメダス,気温 / 降水量 / 風 / 日照時間 / 湿度,https://www.data.jma.go.jp/stats/etrn/index.php?prec_no=34&block_no=0249&year=&month=&day=&view=,現役,
34292,石巻,イシノマキ,宮城県,東北,38.426667,141.298333,43,気象台等,気温 / 降水量 / 風 / 日照時間 / 積雪 / 湿度,https://www.data.jma.go.jp/stats/etrn/index.php?prec_no=34&block_no=47592&year=&month=&day=&view=,現役,
34296,女川,オナガワ,宮城県,東北,38.446667,141.45,38,アメダス,気温 / 降水量 / 風 / 日照時間 / 湿度,https://www.data.jma.go.jp/stats/etrn/index.php?prec_no=34&block_no=1626&year=&month=&day=&view=,現役,
34311,新川,ニッカワ,宮城県,東北,38.303333,140.636667,265,アメダス,気温 / 降水量 / 風 / 日照時間 / 積雪 / 湿度,https://www.data.jma.go.jp/stats/etrn/index.php?prec_no=34&block_no=0251&year=&month=&day=&view=,現役,
34331,塩釜,シオガマ,宮城県,東北,38.338333,141.013333,105,アメダス,気温 / 降水量 / 風 / 日照時間 / 湿度,https://www.data.jma.go.jp/stats/etrn/index.php?prec_no=34&block_no=1030&year=&month=&day=&view=,現役,
34392,仙台,センダイ,宮城県,東北,38.261667,140.896667,39,気象台等,気温 / 降水量 / 風 / 日照時間 / 積雪 / 湿度,https://www.data.jma.go.jp/stats/etrn/index.php?prec_no=34&block_no=47590&year=&month=&day=&view=,現役,
34436,名取,ナトリ：仙台空港,宮城県,東北,38.138333,140.916667,2,アメダス,気温 / 降水量 / 風 / 積雪,https://www.data.jma.go.jp/stats/etrn/index.php?prec_no=34&block_no=1464&year=&month=&day=&view=,現役,
34461,白石,シロイシ,宮城県,東北,38.015,140.611667,86,アメダス,気温 / 降水量 / 風 / 日照時間 / 積雪 / 湿度,https://www.data.jma.go.jp/stats/etrn/index.php?prec_no=34&block_no=0256&year=&month=&day=&view=,現役,
34462,蔵王,ザオウ,宮城県,東北,38.126667,140.68,112,アメダス,気温 / 降水量 / 風 / 日照時間 / 湿度,https://www.data.jma.go.jp/stats/etrn/index.php?prec_no=34&block_no=1564&year=&month=&day=&view=,現役,
34471,亘理,ワタリ,宮城県,東北,38.025,140.858333,4,アメダス,気温 / 降水量 / 風 / 日照時間 / 湿度,https://www.data.jma.go.jp/stats/etrn/index.php?prec_no=34&block_no=0257&year=&month=&day=&view=,現役,
34506,丸森,マルモリ,宮城県,東北,37.931667,140.778333,18,アメダス,気温 / 降水量 / 風 / 日照時間 / 湿度,https://www.data.jma.go.jp/stats/etrn/index.php?prec_no=34&block_no=1220&year=&month=&day=&view=,現役,
35002,飛島,トビシマ,山形県,東北,39.183333,139.543333,58,アメダス,気温 / 降水量 / 風 / 日照時間 / 湿度,https://www.data.jma.go.jp/stats/etrn/index.php?prec_no=35&block_no=1291&year=&month=&day=&view=,現役,
35052,酒田,サカタ,山形県,東北,38.908333,139.843333,3,気象台等,気温 / 降水量 / 風 / 日照時間 / 積雪 / 湿度,https://www.data.jma.go.jp/stats/etrn/index.php?prec_no=35&block_no=47587&year=&month=&day=&view=,現役,
35071,差首鍋,サスナベ,山形県,東北,38.918333,140.2,88,アメダス,気温 / 降水量 / 風 / 日照時間 / 湿度,https://www.data.jma.go.jp/stats/etrn/index.php?prec_no=35&block_no=0260&year=&month=&day=&view=,現役,
35086,浜中,ハマナカ：庄内空港,山形県,東北,38.811667,139.786667,22,アメダス,気温 / 降水量 / 風,https://www.data.jma.go.jp/stats/etrn/index.php?prec_no=35&block_no=1465&year=&month=&day=&view=,現役,
35116,金山,カネヤマ,山形県,東北,38.878333,140.331667,170,アメダス,気温 / 降水量 / 風 / 日照時間 / 積雪 / 湿度,https://www.data.jma.go.jp/stats/etrn/index.php?prec_no=35&block_no=0262&year=&month=&day=&view=,現役,
35141,鶴岡,ツルオカ,山形県,東北,38.735,139.828333,16,アメダス,気温 / 降水量 / 風 / 日照時間 / 湿度,https://www.data.jma.go.jp/stats/etrn/index.php?prec_no=35&block_no=0263&year=&month=&day=&view=,現役,
35146,狩川,カリカワ,山形県,東北,38.8,139.973333,17,アメダス,気温 / 降水量 / 風 / 日照時間 / 積雪 / 湿度,https://www.data.jma.go.jp/stats/etrn/index.php?prec_no=35&block_no=0264&year=&month=&day=&view=,現役,
35162,新庄,シンジョウ,山形県,東北,38.756667,140.311667,105,気象台等,気温 / 降水量 / 風 / 日照時間 / 積雪 / 湿度,https://www.data.jma.go.jp/stats/etrn/index.php?prec_no=35&block_no=47520&year=&month=&day=&view=,現役,
35176,向町,ムカイマチ,山形県,東北,38.758333,140.516667,212,アメダス,気温 / 降水量 / 風 / 日照時間 / 積雪 / 湿度,https://www.data.jma.go.jp/stats/etrn/index.php?prec_no=35&block_no=0910&year=&month=&day=&view=,現役,
35216,肘折,ヒジオリ,山形県,東北,38.606667,140.163333,330,アメダス,気温 / 降水量 / 風 / 日照時間 / 積雪 / 湿度,https://www.data.jma.go.jp/stats/etrn/index.php?prec_no=35&block_no=1125&year=&month=&day=&view=,現役,
35231,尾花沢,オバナザワ,山形県,東北,38.608333,140.411667,106,アメダス,気温 / 降水量 / 風 / 日照時間 / 積雪 / 湿度,https://www.data.jma.go.jp/stats/etrn/index.php?prec_no=35&block_no=1039&year=&month=&day=&view=,現役,
35246,鼠ケ関,ネズガセキ,山形県,東北,38.566667,139.551667,18,アメダス,気温 / 降水量 / 風 / 日照時間 / 湿度,https://www.data.jma.go.jp/stats/etrn/index.php?prec_no=35&block_no=1040&year=&month=&day=&view=,現役,
35332,村山,ムラヤマ,山形県,東北,38.46,140.348333,80,アメダス,気温 / 降水量 / 風 / 日照時間 / 湿度,https://www.data.jma.go.jp/stats/etrn/index.php?prec_no=35&block_no=1539&year=&month=&day=&view=,現役,
35334,東根,ヒガシネ：山形空港,山形県,東北,38.411667,140.37,105,アメダス,気温 / 降水量 / 風,https://www.data.jma.go.jp/stats/etrn/index.php?prec_no=35&block_no=1488&year=&month=&day=&view=,現役,
35361,大井沢,オオイサワ,山形県,東北,38.39,139.993333,440,アメダス,気温 / 降水量 / 風 / 日照時間 / 積雪 / 湿度,https://www.data.jma.go.jp/stats/etrn/index.php?prec_no=35&block_no=1292&year=&month=&day=&view=,現役,
35376,左沢,アテラザワ,山形県,東北,38.37,140.191667,133,アメダス,気温 / 降水量 / 風 / 日照時間 / 積雪 / 湿度,https://www.data.jma.go.jp/stats/etrn/index.php?prec_no=35&block_no=0272&year=&month=&day=&view=,現役,
35426,山形,ヤマガタ,山形県,東北,38.255,140.345,153,気象台等,気温 / 降水量 / 風 / 日照時間 / 積雪 / 湿度,https://www.data.jma.go.jp/stats/etrn/index.php?prec_no=35&block_no=47588&year=&month=&day=&view=,現役,
35456,長井,ナガイ,山形県,東北,38.105,140.015,210,アメダス,気温 / 降水量 / 風 / 日照時間 / 積雪 / 湿度,https://www.data.jma.go.jp/stats/etrn/index.php?prec_no=35&block_no=0275&year=&month=&day=&view=,現役,
35486,小国,オグニ,山形県,東北,38.078333,139.735,140,アメダス,気温 / 降水量 / 風 / 日照時間 / 積雪 / 湿度,https://www.data.jma.go.jp/stats/etrn/index.php?prec_no=35&block_no=0277&year=&month=&day=&view=,現役,
35511,高畠,タカハタ,山形県,東北,38.003333,140.206667,220,アメダス,気温 / 降水量 / 風 / 日照時間 / 湿度,https://www.data.jma.go.jp/stats/etrn/index.php?prec_no=35&block_no=1132&year=&month=&day=&view=,現役,
35541,高峰,タカミネ,山形県,東北,37.99,139.953333,260,アメダス,気温 / 降水量 / 風 / 日照時間 / 湿度,https://www.data.jma.go.jp/stats/etrn/index.php?prec_no=35&block_no=0278&year=&month=&day=&view=,現役,
35552,米沢,ヨネザワ,山形県,東北,37.911667,140.143333,245,アメダス,気温 / 降水量 / 風 / 日照時間 / 積雪 / 湿度,https://www.data.jma.go.jp/stats/etrn/index.php?prec_no=35&block_no=0279&year=&month=&day=&view=,現役,
36056,茂庭,モニワ,福島県,東北,37.891667,140.436667,200,アメダス,気温 / 降水量 / 風 / 日照時間 / 積雪 / 湿度,https://www.data.jma.go.jp/stats/etrn/index.php?prec_no=36&block_no=1293&year=&month=&day=&view=,現役,
36066,梁川,ヤナガワ,福島県,東北,37.851667,140.588333,43,アメダス,気温 / 降水量 / 風 / 日照時間 / 湿度,https://www.data.jma.go.jp/stats/etrn/index.php?prec_no=36&block_no=0281&year=&month=&day=&view=,現役,
36106,桧原,ヒバラ,福島県,東北,37.721667,140.058333,824,アメダス,気温 / 降水量 / 風 / 日照時間 / 湿度,https://www.data.jma.go.jp/stats/etrn/index.php?prec_no=36&block_no=1282&year=&month=&day=&view=,現役,
36127,福島,フクシマ,福島県,東北,37.758333,140.47,67,気象台等,気温 / 降水量 / 風 / 日照時間 / 積雪 / 湿度,https://www.data.jma.go.jp/stats/etrn/index.php?prec_no=36&block_no=47595&year=&month=&day=&view=,現役,
36151,相馬,ソウマ,福島県,東北,37.783333,140.925,9,アメダス,気温 / 降水量 / 風 / 日照時間 / 湿度,https://www.data.jma.go.jp/stats/etrn/index.php?prec_no=36&block_no=0285&year=&month=&day=&view=,現役,
36176,喜多方,キタカタ,福島県,東北,37.658333,139.863333,212,アメダス,気温 / 降水量 / 風 / 日照時間 / 湿度,https://www.data.jma.go.jp/stats/etrn/index.php?prec_no=36&block_no=0286&year=&month=&day=&view=,現役,
36196,鷲倉,ワシクラ,福島県,東北,37.668333,140.26,1220,アメダス,気温 / 降水量 / 風 / 日照時間 / 湿度,https://www.data.jma.go.jp/stats/etrn/index.php?prec_no=36&block_no=1116&year=&month=&day=&view=,現役,
36221,飯舘,イイタテ,福島県,東北,37.665,140.726667,463,アメダス,気温 / 降水量 / 風 / 日照時間 / 湿度,https://www.data.jma.go.jp/stats/etrn/index.php?prec_no=36&block_no=1130&year=&month=&day=&view=,現役,
36251,西会津,ニシアイヅ,福島県,東北,37.588333,139.656667,165,アメダス,気温 / 降水量 / 風 / 日照時間 / 積雪 / 湿度,https://www.data.jma.go.jp/stats/etrn/index.php?prec_no=36&block_no=1031&year=&month=&day=&view=,現役,
36276,猪苗代,イナワシロ,福島県,東北,37.551667,140.108333,519,アメダス,気温 / 降水量 / 風 / 日照時間 / 積雪 / 湿度,https://www.data.jma.go.jp/stats/etrn/index.php?prec_no=36&block_no=0290&year=&month=&day=&view=,現役,
36291,二本松,ニホンマツ,福島県,東北,37.583333,140.43,235,アメダス,気温 / 降水量 / 風 / 日照時間 / 湿度,https://www.data.jma.go.jp/stats/etrn/index.php?prec_no=36&block_no=0291&year=&month=&day=&view=,現役,
36342,金山,カネヤマ,福島県,東北,37.473333,139.528333,296,アメダス,気温 / 降水量 / 風 / 日照時間 / 積雪 / 湿度,https://www.data.jma.go.jp/stats/etrn/index.php?prec_no=36&block_no=1044&year=&month=&day=&view=,現役,
36361,若松,ワカマツ,福島県,東北,37.488333,139.91,212,気象台等,気温 / 降水量 / 風 / 日照時間 / 積雪 / 湿度,https://www.data.jma.go.jp/stats/etrn/index.php?prec_no=36&block_no=47570&year=&month=&day=&view=,現役,
36391,船引,フネヒキ,福島県,東北,37.435,140.576667,421,アメダス,気温 / 降水量 / 風 / 日照時間 / 湿度,https://www.data.jma.go.jp/stats/etrn/index.php?prec_no=36&block_no=0294&year=&month=&day=&view=,現役,
36411,浪江,ナミエ,福島県,東北,37.491667,140.965,43,アメダス,気温 / 降水量 / 風 / 日照時間 / 湿度,https://www.data.jma.go.jp/stats/etrn/index.php?prec_no=36&block_no=0295&year=&month=&day=&view=,現役,
36426,只見,タダミ,福島県,東北,37.343333,139.313333,377,アメダス,気温 / 降水量 / 風 / 日照時間 / 積雪 / 湿度,https://www.data.jma.go.jp/stats/etrn/index.php?prec_no=36&block_no=0297&year=&month=&day=&view=,現役,
36476,郡山,コオリヤマ,福島県,東北,37.368333,140.33,249,アメダス,気温 / 降水量 / 風 / 日照時間 / 湿度,https://www.data.jma.go.jp/stats/etrn/index.php?prec_no=36&block_no=0299&year=&month=&day=&view=,現役,
36501,川内,カワウチ,福島県,東北,37.336667,140.808333,410,アメダス,気温 / 降水量 / 風 / 日照時間 / 湿度,https://www.data.jma.go.jp/stats/etrn/index.php?prec_no=36&block_no=1129&year=&month=&day=&view=,現役,
36536,南郷,ナンゴウ,福島県,東北,37.265,139.536667,494,アメダス,気温 / 降水量 / 風 / 日照時間 / 積雪 / 湿度,https://www.data.jma.go.jp/stats/etrn/index.php?prec_no=36&block_no=0301&year=&month=&day=&view=,現役,
36562,湯本,ユモト,福島県,東北,37.276667,140.063333,646,アメダス,気温 / 降水量 / 風 / 日照時間 / 積雪 / 湿度,https://www.data.jma.go.jp/stats/etrn/index.php?prec_no=36&block_no=1294&year=&month=&day=&view=,現役,
36581,玉川,タマカワ：福島空港,福島県,東北,37.226667,140.426667,372,アメダス,気温 / 降水量 / 風 / 積雪,https://www.data.jma.go.jp/stats/etrn/index.php?prec_no=36&block_no=1466&year=&month=&day=&view=,現役,
36591,小野新町,オノニイマチ,福島県,東北,37.286667,140.625,433,アメダス,気温 / 降水量 / 風 / 日照時間 / 湿度,https://www.data.jma.go.jp/stats/etrn/index.php?prec_no=36&block_no=0304&year=&month=&day=&view=,現役,
36611,広野,ヒロノ,福島県,東北,37.233333,141,43,アメダス,気温 / 降水量 / 風 / 日照時間 / 湿度,https://www.data.jma.go.jp/stats/etrn/index.php?prec_no=36&block_no=1034&year=&month=&day=&view=,現役,
36641,田島,タジマ,福島県,東北,37.206667,139.795,544,アメダス,気温 / 降水量 / 風 / 日照時間 / 積雪 / 湿度,https://www.data.jma.go.jp/stats/etrn/index.php?prec_no=36&block_no=0303&year=&month=&day=&view=,現役,
36667,白河,シラカワ,福島県,東北,37.131667,140.215,355,気象台等,気温 / 降水量 / 風 / 日照時間 / 積雪 / 湿度,https://www.data.jma.go.jp/stats/etrn/index.php?prec_no=36&block_no=47597&year=&month=&day=&view=,現役,
36676,石川,イシカワ,福島県,東北,37.146667,140.46,290,アメダス,気温 / 降水量 / 風 / 日照時間 / 湿度,https://www.data.jma.go.jp/stats/etrn/index.php?prec_no=36&block_no=0307&year=&month=&day=&view=,現役,
36716,桧枝岐,ヒノエマタ,福島県,東北,37.01,139.375,973,アメダス,気温 / 降水量 / 風 / 日照時間 / 積雪 / 湿度,https://www.data.jma.go.jp/stats/etrn/index.php?prec_no=36&block_no=1295&year=&month=&day=&view=,現役,
36821,東白川,ヒガシシラカワ,福島県,東北,36.938333,140.408333,183,アメダス,気温 / 降水量 / 風 / 日照時間 / 湿度,https://www.data.jma.go.jp/stats/etrn/index.php?prec_no=36&block_no=0312&year=&month=&day=&view=,現役,
36836,山田,ヤマダ,福島県,東北,36.933333,140.733333,25,アメダス,気温 / 降水量 / 風 / 日照時間 / 湿度,https://www.data.jma.go.jp/stats/etrn/index.php?prec_no=36&block_no=1607&year=&month=&day=&view=,現役,
36846,小名浜,オナハマ,福島県,東北,36.946667,140.903333,3,気象台等,気温 / 降水量 / 風 / 日照時間 / 湿度,https://www.data.jma.go.jp/stats/etrn/index.php?prec_no=36&block_no=47598&year=&month=&day=&view=,現役,
40046,北茨城,キタイバラキ,茨城県,関東,36.833333,140.771667,5,アメダス,気温 / 降水量 / 風 / 日照時間 / 湿度,https://www.data.jma.go.jp/stats/etrn/index.php?prec_no=40&block_no=0315&year=&month=&day=&view=,現役,
40061,大子,ダイゴ,茨城県,関東,36.778333,140.345,120,アメダス,気温 / 降水量 / 風 / 日照時間 / 湿度,https://www.data.jma.go.jp/stats/etrn/index.php?prec_no=40&block_no=0316&year=&month=&day=&view=,現役,
40091,常陸大宮,ヒタチオオミヤ,茨城県,関東,36.606667,140.325,95,アメダス,気温 / 降水量 / 風 / 日照時間 / 湿度,https://www.data.jma.go.jp/stats/etrn/index.php?prec_no=40&block_no=1331&year=&month=&day=&view=,現役,
40136,日立,ヒタチ,茨城県,関東,36.58,140.645,34,アメダス,気温 / 降水量 / 風 / 日照時間 / 湿度,https://www.data.jma.go.jp/stats/etrn/index.php?prec_no=40&block_no=1011&year=&month=&day=&view=,現役,
40191,笠間,カサマ,茨城県,関東,36.395,140.24,72,アメダス,気温 / 降水量 / 風 / 日照時間 / 湿度,https://www.data.jma.go.jp/stats/etrn/index.php?prec_no=40&block_no=0318&year=&month=&day=&view=,現役,
40201,水戸,ミト,茨城県,関東,36.38,140.466667,29,気象台等,気温 / 降水量 / 風 / 日照時間 / 積雪 / 湿度,https://www.data.jma.go.jp/stats/etrn/index.php?prec_no=40&block_no=47629&year=&month=&day=&view=,現役,
40221,古河,コガ,茨城県,関東,36.201667,139.716667,20,アメダス,気温 / 降水量 / 風 / 日照時間 / 湿度,https://www.data.jma.go.jp/stats/etrn/index.php?prec_no=40&block_no=0320&year=&month=&day=&view=,現役,
40231,下館,シモダテ,茨城県,関東,36.281667,139.988333,24,アメダス,気温 / 降水量 / 風 / 日照時間 / 湿度,https://www.data.jma.go.jp/stats/etrn/index.php?prec_no=40&block_no=1530&year=&month=&day=&view=,現役,
40281,下妻,シモツマ,茨城県,関東,36.168333,139.945,20,アメダス,気温 / 降水量 / 風 / 日照時間 / 湿度,https://www.data.jma.go.jp/stats/etrn/index.php?prec_no=40&block_no=0322&year=&month=&day=&view=,現役,
40311,鉾田,ホコタ,茨城県,関東,36.168333,140.526667,32,アメダス,気温 / 降水量 / 風 / 日照時間 / 湿度,https://www.data.jma.go.jp/stats/etrn/index.php?prec_no=40&block_no=1245&year=&month=&day=&view=,現役,
40336,つくば,ツクバ,茨城県,関東,36.056667,140.125,25,アメダス,気温 / 降水量 / 風 / 日照時間 / 積雪 / 湿度,https://www.data.jma.go.jp/stats/etrn/index.php?prec_no=40&block_no=47646&year=&month=&day=&view=,現役,
40341,土浦,ツチウラ,茨城県,関東,36.103333,140.22,26,アメダス,気温 / 降水量 / 風 / 日照時間 / 湿度,https://www.data.jma.go.jp/stats/etrn/index.php?prec_no=40&block_no=0324&year=&month=&day=&view=,現役,
40406,鹿嶋,カシマ,茨城県,関東,35.963333,140.621667,37,アメダス,気温 / 降水量 / 風 / 日照時間 / 湿度,https://www.data.jma.go.jp/stats/etrn/index.php?prec_no=40&block_no=0325&year=&month=&day=&view=,現役,
40426,龍ケ崎,リュウガサキ,茨城県,関東,35.89,140.211667,4,アメダス,気温 / 降水量 / 風 / 日照時間 / 湿度,https://www.data.jma.go.jp/stats/etrn/index.php?prec_no=40&block_no=1014&year=&month=&day=&view=,現役,
41011,那須高原,ナスコウゲン,栃木県,関東,37.123333,140.035,749,アメダス,気温 / 降水量 / 風 / 日照時間 / 積雪 / 湿度,https://www.data.jma.go.jp/stats/etrn/index.php?prec_no=41&block_no=0326&year=&month=&day=&view=,現役,
41076,五十里,イカリ,栃木県,関東,36.921667,139.695,620,アメダス,気温 / 降水量 / 風 / 日照時間 / 湿度,https://www.data.jma.go.jp/stats/etrn/index.php?prec_no=41&block_no=1015&year=&month=&day=&view=,現役,
41091,黒磯,クロイソ,栃木県,関東,36.981667,140.018333,343,アメダス,気温 / 降水量 / 風 / 日照時間 / 湿度,https://www.data.jma.go.jp/stats/etrn/index.php?prec_no=41&block_no=0329&year=&month=&day=&view=,現役,
41116,土呂部,ドロブ,栃木県,関東,36.891667,139.568333,925,アメダス,気温 / 降水量 / 風 / 日照時間 / 積雪 / 湿度,https://www.data.jma.go.jp/stats/etrn/index.php?prec_no=41&block_no=1221&year=&month=&day=&view=,現役,
41141,大田原,オオタワラ,栃木県,関東,36.84,140.035,188,アメダス,気温 / 降水量 / 風 / 日照時間 / 湿度,https://www.data.jma.go.jp/stats/etrn/index.php?prec_no=41&block_no=0331&year=&month=&day=&view=,現役,
41166,奥日光,オクニッコウ,栃木県,関東,36.738333,139.5,1292,気象台等,気温 / 降水量 / 風 / 日照時間 / 積雪 / 湿度,https://www.data.jma.go.jp/stats/etrn/index.php?prec_no=41&block_no=47690&year=&month=&day=&view=,現役,
41172,日光東町,ニッコウヒガシマチ,栃木県,関東,36.75,139.615,561,アメダス,気温 / 降水量 / 風 / 日照時間 / 湿度,https://www.data.jma.go.jp/stats/etrn/index.php?prec_no=41&block_no=1675&year=&month=&day=&view=,現役,
41181,塩谷,シオヤ,栃木県,関東,36.756667,139.883333,225,アメダス,気温 / 降水量 / 風 / 日照時間 / 湿度,https://www.data.jma.go.jp/stats/etrn/index.php?prec_no=41&block_no=1334&year=&month=&day=&view=,現役,
41247,那須烏山,ナスカラスヤマ,栃木県,関東,36.641667,140.116667,82,アメダス,気温 / 降水量 / 風 / 日照時間 / 湿度,https://www.data.jma.go.jp/stats/etrn/index.php?prec_no=41&block_no=1605&year=&month=&day=&view=,現役,
41271,鹿沼,カヌマ,栃木県,関東,36.591667,139.735,165,アメダス,気温 / 降水量 / 風 / 日照時間 / 湿度,https://www.data.jma.go.jp/stats/etrn/index.php?prec_no=41&block_no=0335&year=&month=&day=&view=,現役,
41277,宇都宮,ウツノミヤ,栃木県,関東,36.548333,139.868333,119,気象台等,気温 / 降水量 / 風 / 日照時間 / 積雪 / 湿度,https://www.data.jma.go.jp/stats/etrn/index.php?prec_no=41&block_no=47615&year=&month=&day=&view=,現役,
41331,真岡,モオカ,栃木県,関東,36.476667,139.986667,91,アメダス,気温 / 降水量 / 風 / 日照時間 / 湿度,https://www.data.jma.go.jp/stats/etrn/index.php?prec_no=41&block_no=0338&year=&month=&day=&view=,現役,
41361,佐野,サノ,栃木県,関東,36.363333,139.57,68,アメダス,気温 / 降水量 / 風 / 日照時間 / 湿度,https://www.data.jma.go.jp/stats/etrn/index.php?prec_no=41&block_no=1018&year=&month=&day=&view=,現役,
41376,小山,オヤマ,栃木県,関東,36.338333,139.83,44,アメダス,気温 / 降水量 / 風 / 日照時間 / 湿度,https://www.data.jma.go.jp/stats/etrn/index.php?prec_no=41&block_no=0341&year=&month=&day=&view=,現役,
42046,藤原,フジワラ,群馬県,関東,36.863333,139.058333,700,アメダス,気温 / 降水量 / 風 / 日照時間 / 積雪 / 湿度,https://www.data.jma.go.jp/stats/etrn/index.php?prec_no=42&block_no=1222&year=&month=&day=&view=,現役,
42091,みなかみ,ミナカミ,群馬県,関東,36.773333,138.965,524,アメダス,気温 / 降水量 / 風 / 日照時間 / 積雪 / 湿度,https://www.data.jma.go.jp/stats/etrn/index.php?prec_no=42&block_no=1019&year=&month=&day=&view=,現役,
42121,草津,クサツ,群馬県,関東,36.616667,138.591667,1223,アメダス,気温 / 降水量 / 風 / 日照時間 / 積雪 / 湿度,https://www.data.jma.go.jp/stats/etrn/index.php?prec_no=42&block_no=0343&year=&month=&day=&view=,現役,
42146,沼田,ヌマタ,群馬県,関東,36.668333,139.021667,390,アメダス,気温 / 降水量 / 風 / 日照時間 / 湿度,https://www.data.jma.go.jp/stats/etrn/index.php?prec_no=42&block_no=0346&year=&month=&day=&view=,現役,
42186,中之条,ナカノジョウ,群馬県,関東,36.586667,138.85,354,アメダス,気温 / 降水量 / 風 / 日照時間 / 湿度,https://www.data.jma.go.jp/stats/etrn/index.php?prec_no=42&block_no=1020&year=&month=&day=&view=,現役,
42221,田代,タシロ,群馬県,関東,36.463333,138.463333,1230,アメダス,気温 / 降水量 / 風 / 日照時間 / 湿度,https://www.data.jma.go.jp/stats/etrn/index.php?prec_no=42&block_no=0348&year=&month=&day=&view=,現役,
42251,前橋,マエバシ,群馬県,関東,36.405,139.06,112,気象台等,気温 / 降水量 / 風 / 日照時間 / 積雪 / 湿度,https://www.data.jma.go.jp/stats/etrn/index.php?prec_no=42&block_no=47624&year=&month=&day=&view=,現役,
42266,桐生,キリュウ,群馬県,関東,36.41,139.325,117,アメダス,気温 / 降水量 / 風 / 日照時間 / 湿度,https://www.data.jma.go.jp/stats/etrn/index.php?prec_no=42&block_no=0351&year=&month=&day=&view=,現役,
42286,上里見,カミサトミ,群馬県,関東,36.376667,138.895,183,アメダス,気温 / 降水量 / 風 / 日照時間 / 湿度,https://www.data.jma.go.jp/stats/etrn/index.php?prec_no=42&block_no=0353&year=&month=&day=&view=,現役,
42302,伊勢崎,イセサキ,群馬県,関東,36.331667,139.165,64,アメダス,気温 / 降水量 / 風 / 日照時間 / 湿度,https://www.data.jma.go.jp/stats/etrn/index.php?prec_no=42&block_no=1021&year=&month=&day=&view=,現役,
42326,西野牧,ニシノマキ,群馬県,関東,36.245,138.706667,375,アメダス,気温 / 降水量 / 風 / 日照時間 / 湿度,https://www.data.jma.go.jp/stats/etrn/index.php?prec_no=42&block_no=0354&year=&month=&day=&view=,現役,
42366,館林,タテバヤシ,群馬県,関東,36.24,139.513333,23,アメダス,気温 / 降水量 / 風 / 日照時間 / 湿度,https://www.data.jma.go.jp/stats/etrn/index.php?prec_no=42&block_no=0356&year=&month=&day=&view=,現役,
42396,神流,カンナ,群馬県,関東,36.108333,138.896667,357,アメダス,気温 / 降水量 / 風 / 日照時間 / 湿度,https://www.data.jma.go.jp/stats/etrn/index.php?prec_no=42&block_no=1223&year=&month=&day=&view=,現役,
43051,寄居,ヨリイ,埼玉県,関東,36.105,139.183333,128,アメダス,気温 / 降水量 / 風 / 日照時間 / 湿度,https://www.data.jma.go.jp/stats/etrn/index.php?prec_no=43&block_no=1009&year=&month=&day=&view=,現役,
43056,熊谷,クマガヤ,埼玉県,関東,36.15,139.38,30,気象台等,気温 / 降水量 / 風 / 日照時間 / 積雪 / 湿度,https://www.data.jma.go.jp/stats/etrn/index.php?prec_no=43&block_no=47626&year=&month=&day=&view=,現役,
43126,久喜,クキ,埼玉県,関東,36.086667,139.635,12,アメダス,気温 / 降水量 / 風 / 日照時間 / 湿度,https://www.data.jma.go.jp/stats/etrn/index.php?prec_no=43&block_no=0359&year=&month=&day=&view=,現役,
43156,秩父,チチブ,埼玉県,関東,35.99,139.073333,232,気象台等,気温 / 降水量 / 風 / 日照時間 / 積雪 / 湿度,https://www.data.jma.go.jp/stats/etrn/index.php?prec_no=43&block_no=47641&year=&month=&day=&view=,現役,
43171,鳩山,ハトヤマ,埼玉県,関東,35.985,139.335,44,アメダス,気温 / 降水量 / 風 / 日照時間 / 湿度,https://www.data.jma.go.jp/stats/etrn/index.php?prec_no=43&block_no=1232&year=&month=&day=&view=,現役,
43241,さいたま,サイタマ,埼玉県,関東,35.875,139.586667,8,アメダス,気温 / 降水量 / 風 / 日照時間 / 積雪 / 湿度,https://www.data.jma.go.jp/stats/etrn/index.php?prec_no=43&block_no=0363&year=&month=&day=&view=,現役,
43256,越谷,コシガヤ,埼玉県,関東,35.883333,139.756667,3,アメダス,気温 / 降水量 / 風 / 日照時間 / 湿度,https://www.data.jma.go.jp/stats/etrn/index.php?prec_no=43&block_no=0364&year=&month=&day=&view=,現役,
43266,所沢,トコロザワ,埼玉県,関東,35.773333,139.413333,119,アメダス,気温 / 降水量 / 風 / 日照時間 / 湿度,https://www.data.jma.go.jp/stats/etrn/index.php?prec_no=43&block_no=1070&year=&month=&day=&view=,現役,
44046,小河内,オゴウチ,東京都,関東,35.791667,139.05,530,アメダス,気温 / 降水量 / 風 / 日照時間 / 湿度,https://www.data.jma.go.jp/stats/etrn/index.php?prec_no=44&block_no=0365&year=&month=&day=&view=,現役,
44056,青梅,オウメ,東京都,関東,35.788333,139.311667,155,アメダス,気温 / 降水量 / 風 / 日照時間 / 湿度,https://www.data.jma.go.jp/stats/etrn/index.php?prec_no=44&block_no=1001&year=&month=&day=&view=,現役,
44071,練馬,ネリマ,東京都,関東,35.738333,139.591667,51,アメダス,気温 / 降水量 / 風 / 日照時間 / 湿度,https://www.data.jma.go.jp/stats/etrn/index.php?prec_no=44&block_no=1002&year=&month=&day=&view=,現役,
44112,八王子,ハチオウジ,東京都,関東,35.666667,139.316667,123,アメダス,気温 / 降水量 / 風 / 日照時間 / 湿度,https://www.data.jma.go.jp/stats/etrn/index.php?prec_no=44&block_no=0366&year=&month=&day=&view=,現役,
44116,府中,フチュウ,東京都,関東,35.683333,139.483333,59,アメダス,気温 / 降水量 / 風 / 日照時間 / 湿度,https://www.data.jma.go.jp/stats/etrn/index.php?prec_no=44&block_no=1133&year=&month=&day=&view=,現役,
44132,東京,トウキョウ,東京都,関東,35.691667,139.75,25,気象台等,気温 / 降水量 / 風 / 日照時間 / 積雪 / 湿度,https://www.data.jma.go.jp/stats/etrn/index.php?prec_no=44&block_no=47662&year=&month=&day=&view=,現役,
44136,江戸川臨海,エドガワリンカイ,東京都,関東,35.638333,139.863333,5,アメダス,気温 / 降水量 / 風 / 日照時間 / 湿度,https://www.data.jma.go.jp/stats/etrn/index.php?prec_no=44&block_no=0370&year=&month=&day=&view=,現役,
44166,羽田,ハネダ：東京国際空港,東京都,関東,35.553333,139.78,6,アメダス,気温 / 降水量 / 風,https://www.data.jma.go.jp/stats/etrn/index.php?prec_no=44&block_no=0371&year=&month=&day=&view=,現役,
44172,大島,オオシマ,東京都,関東,34.748333,139.361667,74,気象台等,気温 / 降水量 / 風 / 日照時間 / 湿度,https://www.data.jma.go.jp/stats/etrn/index.php?prec_no=44&block_no=47675&year=&month=&day=&view=,現役,
44173,大島北ノ山,オオシマキタノヤマ：大島空港,東京都,関東,34.781667,139.36,38,アメダス,気温 / 降水量 / 風,https://www.data.jma.go.jp/stats/etrn/index.php?prec_no=44&block_no=1467&year=&month=&day=&view=,現役,
44207,新島,ニイジマ：新島空港,東京都,関東,34.368333,139.268333,29,アメダス,気温 / 降水量 / 風,https://www.data.jma.go.jp/stats/etrn/index.php?prec_no=44&block_no=1522&year=&month=&day=&view=,現役,
44216,神津島,コウヅシマ：神津島空港,東京都,関東,34.188333,139.133333,138,アメダス,気温 / 降水量 / 風,https://www.data.jma.go.jp/stats/etrn/index.php?prec_no=44&block_no=1523&year=&month=&day=&view=,現役,
44226,三宅島,ミヤケジマ,東京都,関東,34.123333,139.52,38,気象台等,気温 / 降水量 / 風 / 日照時間 / 湿度,https://www.data.jma.go.jp/stats/etrn/index.php?prec_no=44&block_no=47677&year=&month=&day=&view=,現役,
44228,三宅坪田,ミヤケツボタ：三宅島空港,東京都,関東,34.073333,139.56,20,アメダス,気温 / 降水量 / 風,https://www.data.jma.go.jp/stats/etrn/index.php?prec_no=44&block_no=1506&year=&month=&day=&view=,現役,
44262,八重見ヶ原,ヤエミガハラ：八丈島空港,東京都,関東,33.115,139.785,92,アメダス,気温 / 降水量 / 風,https://www.data.jma.go.jp/stats/etrn/index.php?prec_no=44&block_no=1468&year=&month=&day=&view=,現役,
44263,八丈島,ハチジョウジマ,東京都,関東,33.121667,139.778333,151,気象台等,気温 / 降水量 / 風 / 日照時間 / 湿度,https://www.data.jma.go.jp/stats/etrn/index.php?prec_no=44&block_no=47678&year=&month=&day=&view=,現役,
44301,父島,チチジマ,東京都,関東,27.091667,142.19,3,気象台等,気温 / 降水量 / 風 / 日照時間 / 湿度,https://www.data.jma.go.jp/stats/etrn/index.php?prec_no=44&block_no=47971&year=&month=&day=&view=,現役,
44356,南鳥島,ミナミトリシマ,東京都,関東,24.288333,153.983333,7,気象台等,気温 / 降水量 / 風 / 日照時間 / 湿度,https://www.data.jma.go.jp/stats/etrn/index.php?prec_no=44&block_no=47991&year=&month=&day=&view=,現役,
45061,我孫子,アビコ,千葉県,関東,35.863333,140.11,20,アメダス,気温 / 降水量 / 風 / 日照時間 / 湿度,https://www.data.jma.go.jp/stats/etrn/index.php?prec_no=45&block_no=0376&year=&month=&day=&view=,現役,
45081,香取,カトリ,千葉県,関東,35.858333,140.501667,37,アメダス,気温 / 降水量 / 風 / 日照時間 / 湿度,https://www.data.jma.go.jp/stats/etrn/index.php?prec_no=45&block_no=0375&year=&month=&day=&view=,現役,
45106,船橋,フナバシ,千葉県,関東,35.711667,140.043333,28,アメダス,気温 / 降水量 / 風 / 日照時間 / 湿度,https://www.data.jma.go.jp/stats/etrn/index.php?prec_no=45&block_no=1236&year=&month=&day=&view=,現役,
45116,佐倉,サクラ,千葉県,関東,35.728333,140.211667,5,アメダス,気温 / 降水量 / 風 / 日照時間 / 湿度,https://www.data.jma.go.jp/stats/etrn/index.php?prec_no=45&block_no=0916&year=&month=&day=&view=,現役,
45121,成田,ナリタ：成田国際空港,千葉県,関東,35.763333,140.385,41,アメダス,気温 / 降水量 / 風,https://www.data.jma.go.jp/stats/etrn/index.php?prec_no=45&block_no=0378&year=&month=&day=&view=,現役,
45148,銚子,チョウシ,千葉県,関東,35.738333,140.856667,20,気象台等,気温 / 降水量 / 風 / 日照時間 / 積雪 / 湿度,https://www.data.jma.go.jp/stats/etrn/index.php?prec_no=45&block_no=47648&year=&month=&day=&view=,現役,
45181,横芝光,ヨコシバヒカリ,千葉県,関東,35.655,140.505,5,アメダス,気温 / 降水量 / 風 / 日照時間 / 湿度,https://www.data.jma.go.jp/stats/etrn/index.php?prec_no=45&block_no=1003&year=&month=&day=&view=,現役,
45212,千葉,チバ,千葉県,関東,35.601667,140.103333,3,気象台等,気温 / 降水量 / 風 / 日照時間 / 積雪 / 湿度,https://www.data.jma.go.jp/stats/etrn/index.php?prec_no=45&block_no=47682&year=&month=&day=&view=,現役,
45261,茂原,モバラ,千葉県,関東,35.436667,140.293333,11,アメダス,気温 / 降水量 / 風 / 日照時間 / 湿度,https://www.data.jma.go.jp/stats/etrn/index.php?prec_no=45&block_no=0381&year=&month=&day=&view=,現役,
45282,木更津,キサラヅ,千葉県,関東,35.361667,139.94,60,アメダス,気温 / 降水量 / 風 / 日照時間 / 湿度,https://www.data.jma.go.jp/stats/etrn/index.php?prec_no=45&block_no=0382&year=&month=&day=&view=,現役,
45291,牛久,ウシク,千葉県,関東,35.396667,140.148333,30,アメダス,気温 / 降水量 / 風 / 日照時間 / 湿度,https://www.data.jma.go.jp/stats/etrn/index.php?prec_no=45&block_no=1238&year=&month=&day=&view=,現役,
45326,坂畑,サカハタ,千葉県,関東,35.235,140.098333,120,アメダス,気温 / 降水量 / 風 / 日照時間 / 湿度,https://www.data.jma.go.jp/stats/etrn/index.php?prec_no=45&block_no=1241&year=&month=&day=&view=,現役,
45361,鴨川,カモガワ,千葉県,関東,35.111667,140.1,5,アメダス,気温 / 降水量 / 風 / 日照時間 / 湿度,https://www.data.jma.go.jp/stats/etrn/index.php?prec_no=45&block_no=0384&year=&month=&day=&view=,現役,
45371,勝浦,カツウラ,千葉県,関東,35.15,140.311667,12,気象台等,気温 / 降水量 / 風 / 日照時間 / 湿度,https://www.data.jma.go.jp/stats/etrn/index.php?prec_no=45&block_no=47674&year=&month=&day=&view=,現役,
45401,館山,タテヤマ,千葉県,関東,34.986667,139.865,6,気象台等,気温 / 降水量 / 風 / 日照時間 / 湿度,https://www.data.jma.go.jp/stats/etrn/index.php?prec_no=45&block_no=47672&year=&month=&day=&view=,現役,
46091,海老名,エビナ,神奈川県,関東,35.433333,139.386667,18,アメダス,気温 / 降水量 / 風 / 日照時間 / 湿度,https://www.data.jma.go.jp/stats/etrn/index.php?prec_no=46&block_no=0388&year=&month=&day=&view=,現役,
46106,横浜,ヨコハマ,神奈川県,関東,35.438333,139.651667,39,気象台等,気温 / 降水量 / 風 / 日照時間 / 積雪 / 湿度,https://www.data.jma.go.jp/stats/etrn/index.php?prec_no=46&block_no=47670&year=&month=&day=&view=,現役,
46141,辻堂,ツジドウ,神奈川県,関東,35.32,139.45,5,アメダス,気温 / 降水量 / 風 / 日照時間 / 湿度,https://www.data.jma.go.jp/stats/etrn/index.php?prec_no=46&block_no=1443&year=&month=&day=&view=,現役,
46166,小田原,オダワラ,神奈川県,関東,35.276667,139.155,14,アメダス,気温 / 降水量 / 風 / 日照時間 / 湿度,https://www.data.jma.go.jp/stats/etrn/index.php?prec_no=46&block_no=1008&year=&month=&day=&view=,現役,
46211,三浦,ミウラ,神奈川県,関東,35.178333,139.63,42,アメダス,気温 / 降水量 / 風 / 日照時間 / 湿度,https://www.data.jma.go.jp/stats/etrn/index.php?prec_no=46&block_no=0392&year=&month=&day=&view=,現役,
48031,野沢温泉,ノザワオンセン,長野県,中部,36.911667,138.441667,576,アメダス,気温 / 降水量 / 風 / 日照時間 / 積雪 / 湿度,https://www.data.jma.go.jp/stats/etrn/index.php?prec_no=48&block_no=0393&year=&month=&day=&view=,現役,
48061,信濃町,シナノマチ,長野県,中部,36.808333,138.196667,685,アメダス,気温 / 降水量 / 風 / 日照時間 / 積雪 / 湿度,https://www.data.jma.go.jp/stats/etrn/index.php?prec_no=48&block_no=0394&year=&month=&day=&view=,現役,
48066,飯山,イイヤマ,長野県,中部,36.875,138.375,313,アメダス,気温 / 降水量 / 風 / 日照時間 / 積雪 / 湿度,https://www.data.jma.go.jp/stats/etrn/index.php?prec_no=48&block_no=0395&year=&month=&day=&view=,現役,
48141,白馬,ハクバ,長野県,中部,36.698333,137.861667,703,アメダス,気温 / 降水量 / 風 / 日照時間 / 積雪 / 湿度,https://www.data.jma.go.jp/stats/etrn/index.php?prec_no=48&block_no=0396&year=&month=&day=&view=,現役,
48156,長野,ナガノ,長野県,中部,36.661667,138.191667,418,気象台等,気温 / 降水量 / 風 / 日照時間 / 積雪 / 湿度,https://www.data.jma.go.jp/stats/etrn/index.php?prec_no=48&block_no=47610&year=&month=&day=&view=,現役,
48191,大町,オオマチ,長野県,中部,36.523333,137.831667,784,アメダス,気温 / 降水量 / 風 / 日照時間 / 積雪 / 湿度,https://www.data.jma.go.jp/stats/etrn/index.php?prec_no=48&block_no=0399&year=&month=&day=&view=,現役,
48196,信州新町,シンシュウシンマチ,長野県,中部,36.548333,137.996667,509,アメダス,気温 / 降水量 / 風 / 日照時間 / 湿度,https://www.data.jma.go.jp/stats/etrn/index.php?prec_no=48&block_no=0400&year=&month=&day=&view=,現役,
48216,菅平,スガダイラ,長野県,中部,36.531667,138.325,1253,アメダス,気温 / 降水量 / 風 / 日照時間 / 積雪 / 湿度,https://www.data.jma.go.jp/stats/etrn/index.php?prec_no=48&block_no=0992&year=&month=&day=&view=,現役,
48256,上田,ウエダ,長野県,中部,36.4,138.265,502,アメダス,気温 / 降水量 / 風 / 日照時間 / 湿度,https://www.data.jma.go.jp/stats/etrn/index.php?prec_no=48&block_no=0402&year=&month=&day=&view=,現役,
48296,穂高,ホタカ,長野県,中部,36.343333,137.881667,540,アメダス,気温 / 降水量 / 風 / 日照時間 / 湿度,https://www.data.jma.go.jp/stats/etrn/index.php?prec_no=48&block_no=0404&year=&month=&day=&view=,現役,
48321,東御,トウミ,長野県,中部,36.383333,138.383333,958,アメダス,気温 / 降水量 / 風 / 日照時間 / 湿度,https://www.data.jma.go.jp/stats/etrn/index.php?prec_no=48&block_no=0993&year=&month=&day=&view=,現役,
48331,軽井沢,カルイザワ,長野県,中部,36.341667,138.546667,999,気象台等,気温 / 降水量 / 風 / 日照時間 / 積雪 / 湿度,https://www.data.jma.go.jp/stats/etrn/index.php?prec_no=48&block_no=47622&year=&month=&day=&view=,現役,
48361,松本,マツモト,長野県,中部,36.246667,137.97,610,気象台等,気温 / 降水量 / 風 / 日照時間 / 積雪 / 湿度,https://www.data.jma.go.jp/stats/etrn/index.php?prec_no=48&block_no=47618&year=&month=&day=&view=,現役,
48363,松本今井,マツモトイマイ：松本空港,長野県,中部,36.166667,137.921667,658,アメダス,気温 / 降水量 / 風,https://www.data.jma.go.jp/stats/etrn/index.php?prec_no=48&block_no=1529&year=&month=&day=&view=,現役,
48381,立科,タテシナ,長野県,中部,36.271667,138.313333,715,アメダス,気温 / 降水量 / 風 / 日照時間 / 湿度,https://www.data.jma.go.jp/stats/etrn/index.php?prec_no=48&block_no=1300&year=&month=&day=&view=,現役,
48386,佐久,サク,長野県,中部,36.246667,138.476667,683,アメダス,気温 / 降水量 / 風 / 日照時間 / 湿度,https://www.data.jma.go.jp/stats/etrn/index.php?prec_no=48&block_no=0408&year=&month=&day=&view=,現役,
48466,奈川,ナガワ,長野県,中部,36.088333,137.683333,1068,アメダス,気温 / 降水量 / 風 / 日照時間 / 湿度,https://www.data.jma.go.jp/stats/etrn/index.php?prec_no=48&block_no=1312&year=&month=&day=&view=,現役,
48491,諏訪,スワ,長野県,中部,36.045,138.108333,760,気象台等,気温 / 降水量 / 風 / 日照時間 / 積雪 / 湿度,https://www.data.jma.go.jp/stats/etrn/index.php?prec_no=48&block_no=47620&year=&month=&day=&view=,現役,
48531,開田高原,カイダコウゲン,長野県,中部,35.938333,137.601667,1130,アメダス,気温 / 降水量 / 風 / 日照時間 / 積雪 / 湿度,https://www.data.jma.go.jp/stats/etrn/index.php?prec_no=48&block_no=1314&year=&month=&day=&view=,現役,
48536,木祖薮原,キソヤブハラ,長野県,中部,35.936667,137.786667,985,アメダス,気温 / 降水量 / 風 / 日照時間 / 湿度,https://www.data.jma.go.jp/stats/etrn/index.php?prec_no=48&block_no=1666&year=&month=&day=&view=,現役,
48546,辰野,タツノ,長野県,中部,35.983333,137.983333,732,アメダス,気温 / 降水量 / 風 / 日照時間 / 湿度,https://www.data.jma.go.jp/stats/etrn/index.php?prec_no=48&block_no=1319&year=&month=&day=&view=,現役,
48561,原村,ハラムラ,長野県,中部,35.97,138.22,1017,アメダス,気温 / 降水量 / 風 / 日照時間 / 湿度,https://www.data.jma.go.jp/stats/etrn/index.php?prec_no=48&block_no=0414&year=&month=&day=&view=,現役,
48571,野辺山,ノベヤマ,長野県,中部,35.948333,138.471667,1350,アメダス,気温 / 降水量 / 風 / 日照時間 / 湿度,https://www.data.jma.go.jp/stats/etrn/index.php?prec_no=48&block_no=0415&year=&month=&day=&view=,現役,
48606,木曽福島,キソフクシマ,長野県,中部,35.84,137.688333,750,アメダス,気温 / 降水量 / 風 / 日照時間 / 湿度,https://www.data.jma.go.jp/stats/etrn/index.php?prec_no=48&block_no=0417&year=&month=&day=&view=,現役,
48621,伊那,イナ,長野県,中部,35.825,137.955,633,アメダス,気温 / 降水量 / 風 / 日照時間 / 湿度,https://www.data.jma.go.jp/stats/etrn/index.php?prec_no=48&block_no=1445&year=&month=&day=&view=,現役,
48717,南木曽,ナギソ,長野県,中部,35.61,137.62,560,アメダス,気温 / 降水量 / 風 / 日照時間 / 湿度,https://www.data.jma.go.jp/stats/etrn/index.php?prec_no=48&block_no=1022&year=&month=&day=&view=,現役,
48731,飯島,イイジマ,長野県,中部,35.653333,137.898333,728,アメダス,気温 / 降水量 / 風 / 日照時間 / 湿度,https://www.data.jma.go.jp/stats/etrn/index.php?prec_no=48&block_no=0424&year=&month=&day=&view=,現役,
48767,飯田,イイダ,長野県,中部,35.523333,137.821667,516,気象台等,気温 / 降水量 / 風 / 日照時間 / 積雪 / 湿度,https://www.data.jma.go.jp/stats/etrn/index.php?prec_no=48&block_no=47637&year=&month=&day=&view=,現役,
48826,浪合,ナミアイ,長野県,中部,35.373333,137.691667,940,アメダス,気温 / 降水量 / 風 / 日照時間 / 湿度,https://www.data.jma.go.jp/stats/etrn/index.php?prec_no=48&block_no=1317&year=&month=&day=&view=,現役,
48841,南信濃,ミナミシナノ,長野県,中部,35.321667,137.931667,407,アメダス,気温 / 降水量 / 風 / 日照時間 / 湿度,https://www.data.jma.go.jp/stats/etrn/index.php?prec_no=48&block_no=1323&year=&month=&day=&view=,現役,
49036,大泉,オオイズミ,山梨県,中部,35.861667,138.386667,867,アメダス,気温 / 降水量 / 風 / 日照時間 / 湿度,https://www.data.jma.go.jp/stats/etrn/index.php?prec_no=49&block_no=1023&year=&month=&day=&view=,現役,
49086,韮崎,ニラサキ,山梨県,中部,35.693333,138.448333,341,アメダス,気温 / 降水量 / 風 / 日照時間 / 湿度,https://www.data.jma.go.jp/stats/etrn/index.php?prec_no=49&block_no=1024&year=&month=&day=&view=,現役,
49142,甲府,コウフ,山梨県,中部,35.666667,138.553333,273,気象台等,気温 / 降水量 / 風 / 日照時間 / 積雪 / 湿度,https://www.data.jma.go.jp/stats/etrn/index.php?prec_no=49&block_no=47638&year=&month=&day=&view=,現役,
49151,勝沼,カツヌマ,山梨県,中部,35.663333,138.725,394,アメダス,気温 / 降水量 / 風 / 日照時間 / 湿度,https://www.data.jma.go.jp/stats/etrn/index.php?prec_no=49&block_no=0433&year=&month=&day=&view=,現役,
49161,大月,オオツキ,山梨県,中部,35.608333,138.938333,364,アメダス,気温 / 降水量 / 風 / 日照時間 / 湿度,https://www.data.jma.go.jp/stats/etrn/index.php?prec_no=49&block_no=0434&year=&month=&day=&view=,現役,
49196,古関,フルセキ,山梨県,中部,35.528333,138.615,552,アメダス,気温 / 降水量 / 風 / 日照時間 / 湿度,https://www.data.jma.go.jp/stats/etrn/index.php?prec_no=49&block_no=0436&year=&month=&day=&view=,現役,
49236,切石,キリイシ,山梨県,中部,35.466667,138.441667,226,アメダス,気温 / 降水量 / 風 / 日照時間 / 湿度,https://www.data.jma.go.jp/stats/etrn/index.php?prec_no=49&block_no=1234&year=&month=&day=&view=,現役,
49251,河口湖,カワグチコ,山梨県,中部,35.5,138.76,860,気象台等,気温 / 降水量 / 風 / 日照時間 / 積雪 / 湿度,https://www.data.jma.go.jp/stats/etrn/index.php?prec_no=49&block_no=47640&year=&month=&day=&view=,現役,
49256,山中,ヤマナカ,山梨県,中部,35.436667,138.836667,992,アメダス,気温 / 降水量 / 風 / 日照時間 / 湿度,https://www.data.jma.go.jp/stats/etrn/index.php?prec_no=49&block_no=0438&year=&month=&day=&view=,現役,
49316,南部,ナンブ,山梨県,中部,35.288333,138.445,141,アメダス,気温 / 降水量 / 風 / 日照時間 / 湿度,https://www.data.jma.go.jp/stats/etrn/index.php?prec_no=49&block_no=0439&year=&month=&day=&view=,現役,
50106,井川,イカワ,静岡県,中部,35.216667,138.221667,755,アメダス,気温 / 降水量 / 風 / 日照時間 / 湿度,https://www.data.jma.go.jp/stats/etrn/index.php?prec_no=50&block_no=1338&year=&month=&day=&view=,現役,
50136,御殿場,ゴテンバ,静岡県,中部,35.305,138.926667,472,アメダス,気温 / 降水量 / 風 / 日照時間 / 湿度,https://www.data.jma.go.jp/stats/etrn/index.php?prec_no=50&block_no=0441&year=&month=&day=&view=,現役,
50196,富士,フジ,静岡県,中部,35.185,138.663333,66,アメダス,気温 / 降水量 / 風 / 日照時間 / 湿度,https://www.data.jma.go.jp/stats/etrn/index.php?prec_no=50&block_no=0442&year=&month=&day=&view=,現役,
50206,三島,ミシマ,静岡県,中部,35.113333,138.925,21,気象台等,気温 / 降水量 / 風 / 日照時間 / 湿度,https://www.data.jma.go.jp/stats/etrn/index.php?prec_no=50&block_no=47657&year=&month=&day=&view=,現役,
50226,佐久間,サクマ,静岡県,中部,35.056667,137.761667,150,アメダス,気温 / 降水量 / 風 / 日照時間 / 湿度,https://www.data.jma.go.jp/stats/etrn/index.php?prec_no=50&block_no=0986&year=&month=&day=&view=,現役,
50241,川根本町,カワネホンチョウ,静岡県,中部,35.101667,138.128333,290,アメダス,気温 / 降水量 / 風 / 日照時間 / 湿度,https://www.data.jma.go.jp/stats/etrn/index.php?prec_no=50&block_no=0445&year=&month=&day=&view=,現役,
50261,清水,シミズ,静岡県,中部,35.053333,138.521667,3,アメダス,気温 / 降水量 / 風 / 日照時間 / 湿度,https://www.data.jma.go.jp/stats/etrn/index.php?prec_no=50&block_no=1243&year=&month=&day=&view=,現役,
50281,網代,アジロ,静岡県,中部,35.045,139.091667,67,気象台等,気温 / 降水量 / 風 / 日照時間 / 湿度,https://www.data.jma.go.jp/stats/etrn/index.php?prec_no=50&block_no=47668&year=&month=&day=&view=,現役,
50331,静岡,シズオカ,静岡県,中部,34.975,138.403333,14,気象台等,気温 / 降水量 / 風 / 日照時間 / 積雪 / 湿度,https://www.data.jma.go.jp/stats/etrn/index.php?prec_no=50&block_no=47656&year=&month=&day=&view=,現役,
50386,天竜,テンリュウ,静岡県,中部,34.89,137.813333,61,アメダス,気温 / 降水量 / 風 / 日照時間 / 湿度,https://www.data.jma.go.jp/stats/etrn/index.php?prec_no=50&block_no=0451&year=&month=&day=&view=,現役,
50456,浜松,ハママツ,静岡県,中部,34.753333,137.711667,46,気象台等,気温 / 降水量 / 風 / 日照時間 / 湿度,https://www.data.jma.go.jp/stats/etrn/index.php?prec_no=50&block_no=47654&year=&month=&day=&view=,現役,
50476,菊川牧之原,キクガワマキノハラ,静岡県,中部,34.785,138.138333,191,アメダス,気温 / 降水量 / 風 / 日照時間 / 湿度,https://www.data.jma.go.jp/stats/etrn/index.php?prec_no=50&block_no=1335&year=&month=&day=&view=,現役,
50477,静岡空港,シズオカクウコウ：静岡空港,静岡県,中部,34.795,138.188333,132,アメダス,気温 / 降水量 / 風,https://www.data.jma.go.jp/stats/etrn/index.php?prec_no=50&block_no=1601&year=&month=&day=&view=,現役,
50491,松崎,マツザキ,静岡県,中部,34.755,138.783333,4,アメダス,気温 / 降水量 / 風 / 日照時間 / 湿度,https://www.data.jma.go.jp/stats/etrn/index.php?prec_no=50&block_no=0456&year=&month=&day=&view=,現役,
50506,稲取,イナトリ,静岡県,中部,34.781667,139.048333,130,アメダス,気温 / 降水量 / 風 / 日照時間 / 湿度,https://www.data.jma.go.jp/stats/etrn/index.php?prec_no=50&block_no=0457&year=&month=&day=&view=,現役,
50536,磐田,イワタ,静岡県,中部,34.691667,137.88,1,アメダス,気温 / 降水量 / 風 / 日照時間 / 湿度,https://www.data.jma.go.jp/stats/etrn/index.php?prec_no=50&block_no=1244&year=&month=&day=&view=,現役,
50551,御前崎,オマエザキ,静岡県,中部,34.603333,138.213333,45,気象台等,気温 / 降水量 / 風 / 日照時間 / 湿度,https://www.data.jma.go.jp/stats/etrn/index.php?prec_no=50&block_no=47655&year=&month=&day=&view=,現役,
50561,石廊崎,イロウザキ,静岡県,中部,34.603333,138.841667,52,気象台等,気温 / 降水量 / 風 / 日照時間 / 湿度,https://www.data.jma.go.jp/stats/etrn/index.php?prec_no=50&block_no=47666&year=&month=&day=&view=,現役,
51031,愛西,アイサイ,愛知県,中部,35.216667,136.698333,5,アメダス,気温 / 降水量 / 風 / 日照時間 / 湿度,https://www.data.jma.go.jp/stats/etrn/index.php?prec_no=51&block_no=1346&year=&month=&day=&view=,現役,
51071,稲武,イナブ,愛知県,中部,35.211667,137.506667,505,アメダス,気温 / 降水量 / 風 / 日照時間 / 湿度,https://www.data.jma.go.jp/stats/etrn/index.php?prec_no=51&block_no=0982&year=&month=&day=&view=,現役,
51106,名古屋,ナゴヤ,愛知県,中部,35.166667,136.965,51,気象台等,気温 / 降水量 / 風 / 日照時間 / 積雪 / 湿度,https://www.data.jma.go.jp/stats/etrn/index.php?prec_no=51&block_no=47636&year=&month=&day=&view=,現役,
51116,豊田,トヨタ,愛知県,中部,35.131667,137.176667,75,アメダス,気温 / 降水量 / 風 / 日照時間 / 湿度,https://www.data.jma.go.jp/stats/etrn/index.php?prec_no=51&block_no=0464&year=&month=&day=&view=,現役,
51216,大府,オオブ,愛知県,中部,34.995,136.943333,32,アメダス,気温 / 降水量 / 風 / 日照時間 / 湿度,https://www.data.jma.go.jp/stats/etrn/index.php?prec_no=51&block_no=1638&year=&month=&day=&view=,現役,
51226,岡崎,オカザキ,愛知県,中部,34.918333,137.193333,47,アメダス,気温 / 降水量 / 風 / 日照時間 / 湿度,https://www.data.jma.go.jp/stats/etrn/index.php?prec_no=51&block_no=0467&year=&month=&day=&view=,現役,
51247,新城,シンシロ,愛知県,中部,34.906667,137.518333,53,アメダス,気温 / 降水量 / 風 / 日照時間 / 湿度,https://www.data.jma.go.jp/stats/etrn/index.php?prec_no=51&block_no=1541&year=&month=&day=&view=,現役,
51261,セントレア,セントレア：中部国際空港,愛知県,中部,34.858333,136.805,4,アメダス,気温 / 降水量 / 風,https://www.data.jma.go.jp/stats/etrn/index.php?prec_no=51&block_no=1555&year=&month=&day=&view=,現役,
51281,蒲郡,ガマゴオリ,愛知県,中部,34.845,137.216667,55,アメダス,気温 / 降水量 / 風 / 日照時間 / 湿度,https://www.data.jma.go.jp/stats/etrn/index.php?prec_no=51&block_no=1344&year=&month=&day=&view=,現役,
51311,南知多,ミナミチタ,愛知県,中部,34.74,136.938333,16,アメダス,気温 / 降水量 / 風 / 日照時間 / 湿度,https://www.data.jma.go.jp/stats/etrn/index.php?prec_no=51&block_no=0984&year=&month=&day=&view=,現役,
51331,豊橋,トヨハシ,愛知県,中部,34.75,137.341667,3,アメダス,気温 / 降水量 / 風 / 日照時間 / 湿度,https://www.data.jma.go.jp/stats/etrn/index.php?prec_no=51&block_no=0470&year=&month=&day=&view=,現役,
51346,伊良湖,イラコ,愛知県,中部,34.628333,137.093333,6,気象台等,気温 / 降水量 / 風 / 日照時間 / 湿度,https://www.data.jma.go.jp/stats/etrn/index.php?prec_no=51&block_no=47653&year=&month=&day=&view=,現役,
52041,河合,カワイ,岐阜県,中部,36.305,137.1,471,アメダス,気温 / 降水量 / 風 / 日照時間 / 積雪 / 湿度,https://www.data.jma.go.jp/stats/etrn/index.php?prec_no=52&block_no=1308&year=&month=&day=&view=,現役,
52051,神岡,カミオカ,岐阜県,中部,36.321667,137.308333,455,アメダス,気温 / 降水量 / 風 / 日照時間 / 積雪 / 湿度,https://www.data.jma.go.jp/stats/etrn/index.php?prec_no=52&block_no=0473&year=&month=&day=&view=,現役,
52081,白川,シラカワ,岐阜県,中部,36.273333,136.896667,478,アメダス,気温 / 降水量 / 風 / 日照時間 / 積雪 / 湿度,https://www.data.jma.go.jp/stats/etrn/index.php?prec_no=52&block_no=1306&year=&month=&day=&view=,現役,
52111,栃尾,トチオ,岐阜県,中部,36.248333,137.503333,765,アメダス,気温 / 降水量 / 風 / 日照時間 / 湿度,https://www.data.jma.go.jp/stats/etrn/index.php?prec_no=52&block_no=1061&year=&month=&day=&view=,現役,
52146,高山,タカヤマ,岐阜県,中部,36.155,137.253333,560,気象台等,気温 / 降水量 / 風 / 日照時間 / 積雪 / 湿度,https://www.data.jma.go.jp/stats/etrn/index.php?prec_no=52&block_no=47617&year=&month=&day=&view=,現役,
52181,六厩,ムマヤ,岐阜県,中部,36.06,137.035,1015,アメダス,気温 / 降水量 / 風 / 日照時間 / 湿度,https://www.data.jma.go.jp/stats/etrn/index.php?prec_no=52&block_no=1305&year=&month=&day=&view=,現役,
52196,宮之前,ミヤノマエ,岐阜県,中部,36.015,137.388333,930,アメダス,気温 / 降水量 / 風 / 日照時間 / 湿度,https://www.data.jma.go.jp/stats/etrn/index.php?prec_no=52&block_no=1311&year=&month=&day=&view=,現役,
52221,長滝,ナガタキ,岐阜県,中部,35.923333,136.831667,430,アメダス,気温 / 降水量 / 風 / 日照時間 / 積雪 / 湿度,https://www.data.jma.go.jp/stats/etrn/index.php?prec_no=52&block_no=1299&year=&month=&day=&view=,現役,
52286,萩原,ハギワラ,岐阜県,中部,35.888333,137.206667,425,アメダス,気温 / 降水量 / 風 / 日照時間 / 湿度,https://www.data.jma.go.jp/stats/etrn/index.php?prec_no=52&block_no=0483&year=&month=&day=&view=,現役,
52331,八幡,ハチマン,岐阜県,中部,35.756667,136.978333,271,アメダス,気温 / 降水量 / 風 / 日照時間 / 湿度,https://www.data.jma.go.jp/stats/etrn/index.php?prec_no=52&block_no=0485&year=&month=&day=&view=,現役,
52346,宮地,ミヤジ,岐阜県,中部,35.763333,137.288333,450,アメダス,気温 / 降水量 / 風 / 日照時間 / 湿度,https://www.data.jma.go.jp/stats/etrn/index.php?prec_no=52&block_no=1066&year=&month=&day=&view=,現役,
52381,樽見,タルミ,岐阜県,中部,35.638333,136.601667,190,アメダス,気温 / 降水量 / 風 / 日照時間 / 積雪 / 湿度,https://www.data.jma.go.jp/stats/etrn/index.php?prec_no=52&block_no=0486&year=&month=&day=&view=,現役,
52406,金山,カナヤマ,岐阜県,中部,35.661667,137.16,233,アメダス,気温 / 降水量 / 風 / 日照時間 / 湿度,https://www.data.jma.go.jp/stats/etrn/index.php?prec_no=52&block_no=0487&year=&month=&day=&view=,現役,
52461,美濃,ミノ,岐阜県,中部,35.555,136.91,68,アメダス,気温 / 降水量 / 風 / 日照時間 / 湿度,https://www.data.jma.go.jp/stats/etrn/index.php?prec_no=52&block_no=1057&year=&month=&day=&view=,現役,
52482,黒川,クロカワ,岐阜県,中部,35.598333,137.318333,517,アメダス,気温 / 降水量 / 風 / 日照時間 / 湿度,https://www.data.jma.go.jp/stats/etrn/index.php?prec_no=52&block_no=1313&year=&month=&day=&view=,現役,
52511,揖斐川,イビガワ,岐阜県,中部,35.485,136.566667,45,アメダス,気温 / 降水量 / 風 / 日照時間 / 湿度,https://www.data.jma.go.jp/stats/etrn/index.php?prec_no=52&block_no=1301&year=&month=&day=&view=,現役,
52536,美濃加茂,ミノカモ,岐阜県,中部,35.445,137.005,74,アメダス,気温 / 降水量 / 風 / 日照時間 / 湿度,https://www.data.jma.go.jp/stats/etrn/index.php?prec_no=52&block_no=0491&year=&month=&day=&view=,現役,
52556,恵那,エナ,岐阜県,中部,35.446667,137.403333,315,アメダス,気温 / 降水量 / 風 / 日照時間 / 湿度,https://www.data.jma.go.jp/stats/etrn/index.php?prec_no=52&block_no=0493&year=&month=&day=&view=,現役,
52557,中津川,ナカツガワ,岐阜県,中部,35.476667,137.486667,378,アメダス,気温 / 降水量 / 風 / 日照時間 / 湿度,https://www.data.jma.go.jp/stats/etrn/index.php?prec_no=52&block_no=0494&year=&month=&day=&view=,現役,
52571,関ケ原,セキガハラ,岐阜県,中部,35.363333,136.466667,130,アメダス,気温 / 降水量 / 風 / 日照時間 / 積雪 / 湿度,https://www.data.jma.go.jp/stats/etrn/index.php?prec_no=52&block_no=0495&year=&month=&day=&view=,現役,
52581,大垣,オオガキ,岐阜県,中部,35.346667,136.62,6,アメダス,気温 / 降水量 / 風 / 日照時間 / 湿度,https://www.data.jma.go.jp/stats/etrn/index.php?prec_no=52&block_no=0496&year=&month=&day=&view=,現役,
52586,岐阜,ギフ,岐阜県,中部,35.4,136.761667,13,気象台等,気温 / 降水量 / 風 / 日照時間 / 積雪 / 湿度,https://www.data.jma.go.jp/stats/etrn/index.php?prec_no=52&block_no=47632&year=&month=&day=&view=,現役,
52606,多治見,タジミ,岐阜県,中部,35.346667,137.108333,120,アメダス,気温 / 降水量 / 風 / 日照時間 / 湿度,https://www.data.jma.go.jp/stats/etrn/index.php?prec_no=52&block_no=1058&year=&month=&day=&view=,現役,
53041,桑名,クワナ,三重県,近畿,35.05,136.693333,3,アメダス,気温 / 降水量 / 風 / 日照時間 / 湿度,https://www.data.jma.go.jp/stats/etrn/index.php?prec_no=53&block_no=0500&year=&month=&day=&view=,現役,
53061,四日市,ヨッカイチ,三重県,近畿,34.94,136.58,55,気象台等,気温 / 降水量 / 風 / 日照時間 / 湿度,https://www.data.jma.go.jp/stats/etrn/index.php?prec_no=53&block_no=47684&year=&month=&day=&view=,現役,
53091,亀山,カメヤマ,三重県,近畿,34.87,136.453333,70,アメダス,気温 / 降水量 / 風 / 日照時間 / 湿度,https://www.data.jma.go.jp/stats/etrn/index.php?prec_no=53&block_no=0503&year=&month=&day=&view=,現役,
53112,上野,ウエノ,三重県,近畿,34.761667,136.141667,159,気象台等,気温 / 降水量 / 風 / 日照時間 / 湿度,https://www.data.jma.go.jp/stats/etrn/index.php?prec_no=53&block_no=47649&year=&month=&day=&view=,現役,
53133,津,ツ,三重県,近畿,34.733333,136.518333,3,気象台等,気温 / 降水量 / 風 / 日照時間 / 積雪 / 湿度,https://www.data.jma.go.jp/stats/etrn/index.php?prec_no=53&block_no=47651&year=&month=&day=&view=,現役,
53196,小俣,オバタ,三重県,近畿,34.528333,136.665,10,アメダス,気温 / 降水量 / 風 / 日照時間 / 湿度,https://www.data.jma.go.jp/stats/etrn/index.php?prec_no=53&block_no=0509&year=&month=&day=&view=,現役,
53231,粥見,カユミ,三重県,近畿,34.448333,136.39,120,アメダス,気温 / 降水量 / 風 / 日照時間 / 湿度,https://www.data.jma.go.jp/stats/etrn/index.php?prec_no=53&block_no=0510&year=&month=&day=&view=,現役,
53257,鳥羽,トバ,三重県,近畿,34.481667,136.825,2,アメダス,気温 / 降水量 / 風 / 日照時間 / 湿度,https://www.data.jma.go.jp/stats/etrn/index.php?prec_no=53&block_no=1230&year=&month=&day=&view=,現役,
53296,南伊勢,ミナミイセ,三重県,近畿,34.345,136.681667,6,アメダス,気温 / 降水量 / 風 / 日照時間 / 湿度,https://www.data.jma.go.jp/stats/etrn/index.php?prec_no=53&block_no=1258&year=&month=&day=&view=,現役,
53326,紀伊長島,キイナガシマ,三重県,近畿,34.208333,136.326667,3,アメダス,気温 / 降水量 / 風 / 日照時間 / 湿度,https://www.data.jma.go.jp/stats/etrn/index.php?prec_no=53&block_no=1349&year=&month=&day=&view=,現役,
53378,尾鷲,オワセ,三重県,近畿,34.068333,136.193333,15,気象台等,気温 / 降水量 / 風 / 日照時間 / 湿度,https://www.data.jma.go.jp/stats/etrn/index.php?prec_no=53&block_no=47663&year=&month=&day=&view=,現役,
53401,熊野新鹿,クマノアタシカ,三重県,近畿,33.931667,136.138333,23,アメダス,気温 / 降水量 / 風 / 日照時間 / 湿度,https://www.data.jma.go.jp/stats/etrn/index.php?prec_no=53&block_no=1532&year=&month=&day=&view=,現役,
54012,粟島,アワシマ,新潟県,中部,38.465,139.253333,4,アメダス,気温 / 降水量 / 風 / 日照時間 / 湿度,https://www.data.jma.go.jp/stats/etrn/index.php?prec_no=54&block_no=0995&year=&month=&day=&view=,現役,
54041,弾崎,ハジキザキ,新潟県,中部,38.33,138.511667,58,アメダス,気温 / 降水量 / 風 / 日照時間 / 湿度,https://www.data.jma.go.jp/stats/etrn/index.php?prec_no=54&block_no=1315&year=&month=&day=&view=,現役,
54086,村上,ムラカミ,新潟県,中部,38.226667,139.478333,10,アメダス,気温 / 降水量 / 風 / 日照時間 / 湿度,https://www.data.jma.go.jp/stats/etrn/index.php?prec_no=54&block_no=0515&year=&month=&day=&view=,現役,
54157,相川,アイカワ,新潟県,中部,38.028333,138.24,6,気象台等,気温 / 降水量 / 風 / 日照時間 / 積雪 / 湿度,https://www.data.jma.go.jp/stats/etrn/index.php?prec_no=54&block_no=47602&year=&month=&day=&view=,現役,
54166,両津,リョウツ,新潟県,中部,38.073333,138.44,2,アメダス,気温 / 降水量 / 風 / 日照時間 / 湿度,https://www.data.jma.go.jp/stats/etrn/index.php?prec_no=54&block_no=0518&year=&month=&day=&view=,現役,
54181,中条,ナカジョウ,新潟県,中部,38.076667,139.388333,14,アメダス,気温 / 降水量 / 風 / 日照時間 / 湿度,https://www.data.jma.go.jp/stats/etrn/index.php?prec_no=54&block_no=1318&year=&month=&day=&view=,現役,
54191,下関,シモセキ,新潟県,中部,38.091667,139.563333,33,アメダス,気温 / 降水量 / 風 / 日照時間 / 積雪 / 湿度,https://www.data.jma.go.jp/stats/etrn/index.php?prec_no=54&block_no=1060&year=&month=&day=&view=,現役,
54232,新潟,ニイガタ,新潟県,中部,37.893333,139.018333,4,気象台等,気温 / 降水量 / 風 / 日照時間 / 積雪 / 湿度,https://www.data.jma.go.jp/stats/etrn/index.php?prec_no=54&block_no=47604&year=&month=&day=&view=,現役,
54236,松浜,マツハマ：新潟空港,新潟県,中部,37.955,139.111667,1,アメダス,気温 / 降水量 / 風 / 積雪,https://www.data.jma.go.jp/stats/etrn/index.php?prec_no=54&block_no=1469&year=&month=&day=&view=,現役,
54271,羽茂,ハモチ,新潟県,中部,37.841667,138.313333,11,アメダス,気温 / 降水量 / 風 / 日照時間 / 湿度,https://www.data.jma.go.jp/stats/etrn/index.php?prec_no=54&block_no=0996&year=&month=&day=&view=,現役,
54296,新津,ニイツ,新潟県,中部,37.791667,139.086667,3,アメダス,気温 / 降水量 / 風 / 日照時間 / 積雪 / 湿度,https://www.data.jma.go.jp/stats/etrn/index.php?prec_no=54&block_no=0521&year=&month=&day=&view=,現役,
54341,巻,マキ,新潟県,中部,37.768333,138.913333,2,アメダス,気温 / 降水量 / 風 / 日照時間 / 湿度,https://www.data.jma.go.jp/stats/etrn/index.php?prec_no=54&block_no=0522&year=&month=&day=&view=,現役,
54387,寺泊,テラドマリ,新潟県,中部,37.64,138.766667,44,アメダス,気温 / 降水量 / 風 / 日照時間 / 湿度,https://www.data.jma.go.jp/stats/etrn/index.php?prec_no=54&block_no=0524&year=&month=&day=&view=,現役,
54396,三条,サンジョウ,新潟県,中部,37.64,138.955,9,アメダス,気温 / 降水量 / 風 / 日照時間 / 湿度,https://www.data.jma.go.jp/stats/etrn/index.php?prec_no=54&block_no=0525&year=&month=&day=&view=,現役,
54421,津川,ツガワ,新潟県,中部,37.671667,139.446667,100,アメダス,気温 / 降水量 / 風 / 日照時間 / 積雪 / 湿度,https://www.data.jma.go.jp/stats/etrn/index.php?prec_no=54&block_no=0527&year=&month=&day=&view=,現役,
54501,長岡,ナガオカ,新潟県,中部,37.45,138.823333,23,アメダス,気温 / 降水量 / 風 / 日照時間 / 積雪 / 湿度,https://www.data.jma.go.jp/stats/etrn/index.php?prec_no=54&block_no=0529&year=&month=&day=&view=,現役,
54541,柏崎,カシワザキ,新潟県,中部,37.351667,138.553333,7,アメダス,気温 / 降水量 / 風 / 日照時間 / 積雪 / 湿度,https://www.data.jma.go.jp/stats/etrn/index.php?prec_no=54&block_no=0532&year=&month=&day=&view=,現役,
54566,守門,スモン,新潟県,中部,37.346667,139.043333,222,アメダス,気温 / 降水量 / 風 / 日照時間 / 積雪 / 湿度,https://www.data.jma.go.jp/stats/etrn/index.php?prec_no=54&block_no=0997&year=&month=&day=&view=,現役,
54586,大潟,オオガタ,新潟県,中部,37.225,138.325,13,アメダス,気温 / 降水量 / 風 / 日照時間 / 湿度,https://www.data.jma.go.jp/stats/etrn/index.php?prec_no=54&block_no=1302&year=&month=&day=&view=,現役,
54616,小出,コイデ,新潟県,中部,37.226667,138.963333,98,アメダス,気温 / 降水量 / 風 / 日照時間 / 積雪 / 湿度,https://www.data.jma.go.jp/stats/etrn/index.php?prec_no=54&block_no=0534&year=&month=&day=&view=,現役,
54651,高田,タカダ,新潟県,中部,37.106667,138.246667,13,気象台等,気温 / 降水量 / 風 / 日照時間 / 積雪 / 湿度,https://www.data.jma.go.jp/stats/etrn/index.php?prec_no=54&block_no=47612&year=&month=&day=&view=,現役,
54661,安塚,ヤスヅカ,新潟県,中部,37.106667,138.456667,126,アメダス,気温 / 降水量 / 風 / 日照時間 / 積雪 / 湿度,https://www.data.jma.go.jp/stats/etrn/index.php?prec_no=54&block_no=0536&year=&month=&day=&view=,現役,
54676,十日町,トオカマチ,新潟県,中部,37.143333,138.726667,170,アメダス,気温 / 降水量 / 風 / 日照時間 / 積雪 / 湿度,https://www.data.jma.go.jp/stats/etrn/index.php?prec_no=54&block_no=0537&year=&month=&day=&view=,現役,
54711,糸魚川,イトイガワ,新潟県,中部,37.043333,137.875,8,アメダス,気温 / 降水量 / 風 / 日照時間 / 湿度,https://www.data.jma.go.jp/stats/etrn/index.php?prec_no=54&block_no=0539&year=&month=&day=&view=,現役,
54721,能生,ノウ,新潟県,中部,37.083333,138.023333,55,アメダス,気温 / 降水量 / 風 / 日照時間 / 積雪 / 湿度,https://www.data.jma.go.jp/stats/etrn/index.php?prec_no=54&block_no=0540&year=&month=&day=&view=,現役,
54816,関山,セキヤマ,新潟県,中部,36.933333,138.221667,350,アメダス,気温 / 降水量 / 風 / 日照時間 / 積雪 / 湿度,https://www.data.jma.go.jp/stats/etrn/index.php?prec_no=54&block_no=0998&year=&month=&day=&view=,現役,
54836,津南,ツナン,新潟県,中部,36.996667,138.683333,452,アメダス,気温 / 降水量 / 風 / 日照時間 / 積雪 / 湿度,https://www.data.jma.go.jp/stats/etrn/index.php?prec_no=54&block_no=0543&year=&month=&day=&view=,現役,
54841,湯沢,ユザワ,新潟県,中部,36.941667,138.81,340,アメダス,気温 / 降水量 / 風 / 日照時間 / 積雪 / 湿度,https://www.data.jma.go.jp/stats/etrn/index.php?prec_no=54&block_no=0544&year=&month=&day=&view=,現役,
55022,朝日,アサヒ,富山県,中部,36.936667,137.563333,43,アメダス,気温 / 降水量 / 風 / 日照時間 / 積雪 / 湿度,https://www.data.jma.go.jp/stats/etrn/index.php?prec_no=55&block_no=0546&year=&month=&day=&view=,現役,
55041,氷見,ヒミ,富山県,中部,36.825,136.968333,1,アメダス,気温 / 降水量 / 風 / 日照時間 / 積雪 / 湿度,https://www.data.jma.go.jp/stats/etrn/index.php?prec_no=55&block_no=1309&year=&month=&day=&view=,現役,
55056,魚津,ウオヅ,富山県,中部,36.821667,137.428333,48,アメダス,気温 / 降水量 / 風 / 日照時間 / 積雪 / 湿度,https://www.data.jma.go.jp/stats/etrn/index.php?prec_no=55&block_no=0547&year=&month=&day=&view=,現役,
55091,伏木,フシキ,富山県,中部,36.791667,137.055,12,気象台等,気温 / 降水量 / 風 / 日照時間 / 積雪 / 湿度,https://www.data.jma.go.jp/stats/etrn/index.php?prec_no=55&block_no=47606&year=&month=&day=&view=,現役,
55102,富山,トヤマ,富山県,中部,36.708333,137.201667,9,気象台等,気温 / 降水量 / 風 / 日照時間 / 積雪 / 湿度,https://www.data.jma.go.jp/stats/etrn/index.php?prec_no=55&block_no=47607&year=&month=&day=&view=,現役,
55141,砺波,トナミ,富山県,中部,36.61,136.955,69,アメダス,気温 / 降水量 / 風 / 日照時間 / 積雪 / 湿度,https://www.data.jma.go.jp/stats/etrn/index.php?prec_no=55&block_no=0552&year=&month=&day=&view=,現役,
55151,秋ヶ島,アキガシマ：富山空港,富山県,中部,36.648333,137.186667,24,アメダス,気温 / 降水量 / 風 / 積雪,https://www.data.jma.go.jp/stats/etrn/index.php?prec_no=55&block_no=1533&year=&month=&day=&view=,現役,
55166,上市,カミイチ,富山県,中部,36.67,137.423333,296,アメダス,気温 / 降水量 / 風 / 日照時間 / 湿度,https://www.data.jma.go.jp/stats/etrn/index.php?prec_no=55&block_no=0553&year=&month=&day=&view=,現役,
55191,南砺高宮,ナントタカミヤ,富山県,中部,36.545,136.871667,91,アメダス,気温 / 降水量 / 風 / 日照時間 / 湿度,https://www.data.jma.go.jp/stats/etrn/index.php?prec_no=55&block_no=0554&year=&month=&day=&view=,現役,
55206,八尾,ヤツオ,富山県,中部,36.57,137.158333,124,アメダス,気温 / 降水量 / 風 / 日照時間 / 湿度,https://www.data.jma.go.jp/stats/etrn/index.php?prec_no=55&block_no=0555&year=&month=&day=&view=,現役,
56036,珠洲,スズ,石川県,中部,37.446667,137.286667,4,アメダス,気温 / 降水量 / 風 / 日照時間 / 積雪 / 湿度,https://www.data.jma.go.jp/stats/etrn/index.php?prec_no=56&block_no=0560&year=&month=&day=&view=,現役,
56052,輪島,ワジマ,石川県,中部,37.39,136.895,5,気象台等,気温 / 降水量 / 風 / 日照時間 / 積雪 / 湿度,https://www.data.jma.go.jp/stats/etrn/index.php?prec_no=56&block_no=47600&year=&month=&day=&view=,現役,
56093,三井,ミイ：能登空港,石川県,中部,37.293333,136.961667,219,アメダス,気温 / 降水量 / 風,https://www.data.jma.go.jp/stats/etrn/index.php?prec_no=56&block_no=1544&year=&month=&day=&view=,現役,
56116,志賀,シカ,石川県,中部,37.143333,136.725,6,アメダス,気温 / 降水量 / 風 / 日照時間 / 湿度,https://www.data.jma.go.jp/stats/etrn/index.php?prec_no=56&block_no=0564&year=&month=&day=&view=,現役,
56146,七尾,ナナオ,石川県,中部,37.03,136.991667,58,アメダス,気温 / 降水量 / 風 / 日照時間 / 積雪 / 湿度,https://www.data.jma.go.jp/stats/etrn/index.php?prec_no=56&block_no=0565&year=&month=&day=&view=,現役,
56176,羽咋,ハクイ,石川県,中部,36.893333,136.776667,15,アメダス,気温 / 降水量 / 風 / 日照時間 / 湿度,https://www.data.jma.go.jp/stats/etrn/index.php?prec_no=56&block_no=0566&year=&month=&day=&view=,現役,
56186,かほく,カホク,石川県,中部,36.711667,136.691667,42,アメダス,気温 / 降水量 / 風 / 日照時間 / 湿度,https://www.data.jma.go.jp/stats/etrn/index.php?prec_no=56&block_no=0567&year=&month=&day=&view=,現役,
56227,金沢,カナザワ,石川県,中部,36.588333,136.633333,6,気象台等,気温 / 降水量 / 風 / 日照時間 / 積雪 / 湿度,https://www.data.jma.go.jp/stats/etrn/index.php?prec_no=56&block_no=47605&year=&month=&day=&view=,現役,
56276,小松,コマツ,石川県,中部,36.381667,136.435,3,アメダス,気温 / 降水量 / 風 / 日照時間 / 湿度,https://www.data.jma.go.jp/stats/etrn/index.php?prec_no=56&block_no=1324&year=&month=&day=&view=,現役,
56286,白山河内,ハクサンカワチ,石川県,中部,36.396667,136.62,136,アメダス,気温 / 降水量 / 風 / 日照時間 / 積雪 / 湿度,https://www.data.jma.go.jp/stats/etrn/index.php?prec_no=56&block_no=0973&year=&month=&day=&view=,現役,
56301,加賀中津原,カガナカツハラ,石川県,中部,36.261667,136.396667,65,アメダス,気温 / 降水量 / 風 / 日照時間 / 積雪 / 湿度,https://www.data.jma.go.jp/stats/etrn/index.php?prec_no=56&block_no=0571&year=&month=&day=&view=,現役,
57001,三国,ミクニ,福井県,中部,36.243333,136.173333,34,アメダス,気温 / 降水量 / 風 / 日照時間 / 湿度,https://www.data.jma.go.jp/stats/etrn/index.php?prec_no=57&block_no=1071&year=&month=&day=&view=,現役,
57026,春江,ハルエ：福井空港,福井県,中部,36.141667,136.223333,5,アメダス,気温 / 降水量 / 風,https://www.data.jma.go.jp/stats/etrn/index.php?prec_no=57&block_no=1537&year=&month=&day=&view=,現役,
57051,越廼,コシノ,福井県,中部,36.011667,135.99,30,アメダス,気温 / 降水量 / 風 / 日照時間 / 湿度,https://www.data.jma.go.jp/stats/etrn/index.php?prec_no=57&block_no=1316&year=&month=&day=&view=,現役,
57066,福井,フクイ,福井県,中部,36.055,136.221667,9,気象台等,気温 / 降水量 / 風 / 日照時間 / 積雪 / 湿度,https://www.data.jma.go.jp/stats/etrn/index.php?prec_no=57&block_no=47616&year=&month=&day=&view=,現役,
57082,勝山,カツヤマ,福井県,中部,36.038333,136.521667,196,アメダス,気温 / 降水量 / 風 / 日照時間 / 湿度,https://www.data.jma.go.jp/stats/etrn/index.php?prec_no=57&block_no=1226&year=&month=&day=&view=,現役,
57121,大野,オオノ,福井県,中部,35.971667,136.496667,182,アメダス,気温 / 降水量 / 風 / 日照時間 / 積雪 / 湿度,https://www.data.jma.go.jp/stats/etrn/index.php?prec_no=57&block_no=0573&year=&month=&day=&view=,現役,
57206,今庄,イマジョウ,福井県,中部,35.766667,136.2,128,アメダス,気温 / 降水量 / 風 / 日照時間 / 積雪 / 湿度,https://www.data.jma.go.jp/stats/etrn/index.php?prec_no=57&block_no=0577&year=&month=&day=&view=,現役,
57248,敦賀,ツルガ,福井県,中部,35.653333,136.061667,2,気象台等,気温 / 降水量 / 風 / 日照時間 / 積雪 / 湿度,https://www.data.jma.go.jp/stats/etrn/index.php?prec_no=57&block_no=47631&year=&month=&day=&view=,現役,
57286,美浜,ミハマ,福井県,中部,35.6,135.916667,10,アメダス,気温 / 降水量 / 風 / 日照時間 / 湿度,https://www.data.jma.go.jp/stats/etrn/index.php?prec_no=57&block_no=1010&year=&month=&day=&view=,現役,
57317,小浜,オバマ,福井県,中部,35.483333,135.781667,10,アメダス,気温 / 降水量 / 風 / 日照時間 / 積雪 / 湿度,https://www.data.jma.go.jp/stats/etrn/index.php?prec_no=57&block_no=0579&year=&month=&day=&view=,現役,
60051,今津,イマヅ,滋賀県,近畿,35.411667,136.028333,88,アメダス,気温 / 降水量 / 風 / 日照時間 / 積雪 / 湿度,https://www.data.jma.go.jp/stats/etrn/index.php?prec_no=60&block_no=0580&year=&month=&day=&view=,現役,
60061,長浜,ナガハマ,滋賀県,近畿,35.423333,136.241667,95,アメダス,気温 / 降水量 / 風 / 日照時間 / 湿度,https://www.data.jma.go.jp/stats/etrn/index.php?prec_no=60&block_no=0976&year=&month=&day=&view=,現役,
60102,米原,マイバラ,滋賀県,近畿,35.383333,136.343333,147,アメダス,気温 / 降水量 / 風 / 日照時間 / 積雪 / 湿度,https://www.data.jma.go.jp/stats/etrn/index.php?prec_no=60&block_no=1524&year=&month=&day=&view=,現役,
60116,南小松,ミナミコマツ,滋賀県,近畿,35.235,135.956667,90,アメダス,気温 / 降水量 / 風 / 日照時間 / 湿度,https://www.data.jma.go.jp/stats/etrn/index.php?prec_no=60&block_no=1083&year=&month=&day=&view=,現役,
60131,彦根,ヒコネ,滋賀県,近畿,35.275,136.243333,87,気象台等,気温 / 降水量 / 風 / 日照時間 / 積雪 / 湿度,https://www.data.jma.go.jp/stats/etrn/index.php?prec_no=60&block_no=47761&year=&month=&day=&view=,現役,
60196,東近江,ヒガシオウミ,滋賀県,近畿,35.061667,136.19,128,アメダス,気温 / 降水量 / 風 / 日照時間 / 湿度,https://www.data.jma.go.jp/stats/etrn/index.php?prec_no=60&block_no=0963&year=&month=&day=&view=,現役,
60216,大津,オオツ,滋賀県,近畿,34.991667,135.911667,86,アメダス,気温 / 降水量 / 風 / 日照時間 / 積雪 / 湿度,https://www.data.jma.go.jp/stats/etrn/index.php?prec_no=60&block_no=0586&year=&month=&day=&view=,現役,
60226,信楽,シガラキ,滋賀県,近畿,34.913333,136.08,265,アメダス,気温 / 降水量 / 風 / 日照時間 / 湿度,https://www.data.jma.go.jp/stats/etrn/index.php?prec_no=60&block_no=0964&year=&month=&day=&view=,現役,
60236,土山,ツチヤマ,滋賀県,近畿,34.938333,136.278333,248,アメダス,気温 / 降水量 / 風 / 日照時間 / 湿度,https://www.data.jma.go.jp/stats/etrn/index.php?prec_no=60&block_no=0587&year=&month=&day=&view=,現役,
61001,間人,タイザ,京都府,近畿,35.736667,135.086667,42,アメダス,気温 / 降水量 / 風 / 日照時間 / 湿度,https://www.data.jma.go.jp/stats/etrn/index.php?prec_no=61&block_no=0965&year=&month=&day=&view=,現役,
61076,宮津,ミヤヅ,京都府,近畿,35.55,135.235,2,アメダス,気温 / 降水量 / 風 / 日照時間 / 湿度,https://www.data.jma.go.jp/stats/etrn/index.php?prec_no=61&block_no=0589&year=&month=&day=&view=,現役,
61111,舞鶴,マイヅル,京都府,近畿,35.45,135.316667,2,気象台等,気温 / 降水量 / 風 / 日照時間 / 積雪 / 湿度,https://www.data.jma.go.jp/stats/etrn/index.php?prec_no=61&block_no=47750&year=&month=&day=&view=,現役,
61187,福知山,フクチヤマ,京都府,近畿,35.311667,135.113333,17,アメダス,気温 / 降水量 / 風 / 日照時間 / 湿度,https://www.data.jma.go.jp/stats/etrn/index.php?prec_no=61&block_no=0593&year=&month=&day=&view=,現役,
61206,美山,ミヤマ,京都府,近畿,35.275,135.55,200,アメダス,気温 / 降水量 / 風 / 日照時間 / 積雪 / 湿度,https://www.data.jma.go.jp/stats/etrn/index.php?prec_no=61&block_no=1303&year=&month=&day=&view=,現役,
61242,園部,ソノベ,京都府,近畿,35.108333,135.455,134,アメダス,気温 / 降水量 / 風 / 日照時間 / 湿度,https://www.data.jma.go.jp/stats/etrn/index.php?prec_no=61&block_no=0596&year=&month=&day=&view=,現役,
61286,京都,キョウト,京都府,近畿,35.013333,135.731667,41,気象台等,気温 / 降水量 / 風 / 日照時間 / 積雪 / 湿度,https://www.data.jma.go.jp/stats/etrn/index.php?prec_no=61&block_no=47759&year=&month=&day=&view=,現役,
61326,京田辺,キョウタナベ,京都府,近畿,34.83,135.76,20,アメダス,気温 / 降水量 / 風 / 日照時間 / 湿度,https://www.data.jma.go.jp/stats/etrn/index.php?prec_no=61&block_no=0598&year=&month=&day=&view=,現役,
62016,能勢,ノセ,大阪府,近畿,34.948333,135.455,235,アメダス,気温 / 降水量 / 風 / 日照時間 / 湿度,https://www.data.jma.go.jp/stats/etrn/index.php?prec_no=62&block_no=0600&year=&month=&day=&view=,現役,
62046,枚方,ヒラカタ,大阪府,近畿,34.808333,135.671667,26,アメダス,気温 / 降水量 / 風 / 日照時間 / 湿度,https://www.data.jma.go.jp/stats/etrn/index.php?prec_no=62&block_no=1065&year=&month=&day=&view=,現役,
62051,豊中,トヨナカ：大阪国際空港,兵庫県,近畿,34.783333,135.438333,12,アメダス,気温 / 降水量 / 風,https://www.data.jma.go.jp/stats/etrn/index.php?prec_no=62&block_no=0602&year=&month=&day=&view=,現役,
62078,大阪,オオサカ,大阪府,近畿,34.681667,135.518333,23,気象台等,気温 / 降水量 / 風 / 日照時間 / 積雪 / 湿度,https://www.data.jma.go.jp/stats/etrn/index.php?prec_no=62&block_no=47772&year=&month=&day=&view=,現役,
62081,生駒山,イコマヤマ,奈良県,近畿,34.675,135.676667,626,アメダス,気温 / 降水量 / 風 / 日照時間 / 湿度,https://www.data.jma.go.jp/stats/etrn/index.php?prec_no=62&block_no=0604&year=&month=&day=&view=,現役,
62091,堺,サカイ,大阪府,近畿,34.555,135.485,20,アメダス,気温 / 降水量 / 風 / 日照時間 / 湿度,https://www.data.jma.go.jp/stats/etrn/index.php?prec_no=62&block_no=1062&year=&month=&day=&view=,現役,
62096,八尾,ヤオ：八尾空港,大阪府,近畿,34.596667,135.6,10,アメダス,気温 / 降水量 / 風,https://www.data.jma.go.jp/stats/etrn/index.php?prec_no=62&block_no=1470&year=&month=&day=&view=,現役,
62101,関空島,カンクウジマ：関西国際空港,大阪府,近畿,34.433333,135.231667,5,アメダス,気温 / 降水量 / 風,https://www.data.jma.go.jp/stats/etrn/index.php?prec_no=62&block_no=1471&year=&month=&day=&view=,現役,
62131,熊取,クマトリ,大阪府,近畿,34.385,135.35,68,アメダス,気温 / 降水量 / 風 / 日照時間 / 湿度,https://www.data.jma.go.jp/stats/etrn/index.php?prec_no=62&block_no=0606&year=&month=&day=&view=,現役,
63016,香住,カスミ,兵庫県,近畿,35.625,134.626667,5,アメダス,気温 / 降水量 / 風 / 日照時間 / 積雪 / 湿度,https://www.data.jma.go.jp/stats/etrn/index.php?prec_no=63&block_no=0607&year=&month=&day=&view=,現役,
63051,豊岡,トヨオカ,兵庫県,近畿,35.535,134.821667,3,気象台等,気温 / 降水量 / 風 / 日照時間 / 積雪 / 湿度,https://www.data.jma.go.jp/stats/etrn/index.php?prec_no=63&block_no=47747&year=&month=&day=&view=,現役,
63071,兎和野高原,ウワノコウゲン,兵庫県,近畿,35.431667,134.583333,540,アメダス,気温 / 降水量 / 風 / 日照時間 / 積雪 / 湿度,https://www.data.jma.go.jp/stats/etrn/index.php?prec_no=63&block_no=0977&year=&month=&day=&view=,現役,
63121,和田山,ワダヤマ,兵庫県,近畿,35.323333,134.848333,80,アメダス,気温 / 降水量 / 風 / 日照時間 / 積雪 / 湿度,https://www.data.jma.go.jp/stats/etrn/index.php?prec_no=63&block_no=0612&year=&month=&day=&view=,現役,
63201,生野,イクノ,兵庫県,近畿,35.166667,134.791667,320,アメダス,気温 / 降水量 / 風 / 日照時間 / 湿度,https://www.data.jma.go.jp/stats/etrn/index.php?prec_no=63&block_no=0613&year=&month=&day=&view=,現役,
63216,柏原,カイバラ,兵庫県,近畿,35.136667,135.065,98,アメダス,気温 / 降水量 / 風 / 日照時間 / 湿度,https://www.data.jma.go.jp/stats/etrn/index.php?prec_no=63&block_no=0614&year=&month=&day=&view=,現役,
63251,一宮,イチノミヤ,兵庫県,近畿,35.096667,134.585,195,アメダス,気温 / 降水量 / 風 / 日照時間 / 湿度,https://www.data.jma.go.jp/stats/etrn/index.php?prec_no=63&block_no=0615&year=&month=&day=&view=,現役,
63321,福崎,フクサキ,兵庫県,近畿,34.95,134.748333,72,アメダス,気温 / 降水量 / 風 / 日照時間 / 湿度,https://www.data.jma.go.jp/stats/etrn/index.php?prec_no=63&block_no=0968&year=&month=&day=&view=,現役,
63331,西脇,ニシワキ,兵庫県,近畿,34.998333,134.996667,72,アメダス,気温 / 降水量 / 風 / 日照時間 / 湿度,https://www.data.jma.go.jp/stats/etrn/index.php?prec_no=63&block_no=0956&year=&month=&day=&view=,現役,
63366,上郡,カミゴオリ,兵庫県,近畿,34.858333,134.373333,20,アメダス,気温 / 降水量 / 風 / 日照時間 / 湿度,https://www.data.jma.go.jp/stats/etrn/index.php?prec_no=63&block_no=0619&year=&month=&day=&view=,現役,
63383,姫路,ヒメジ,兵庫県,近畿,34.838333,134.67,38,気象台等,気温 / 降水量 / 風 / 日照時間 / 湿度,https://www.data.jma.go.jp/stats/etrn/index.php?prec_no=63&block_no=47769&year=&month=&day=&view=,現役,
63411,三田,サンダ,兵庫県,近畿,34.895,135.211667,150,アメダス,気温 / 降水量 / 風 / 日照時間 / 湿度,https://www.data.jma.go.jp/stats/etrn/index.php?prec_no=63&block_no=0969&year=&month=&day=&view=,現役,
63461,三木,ミキ,兵庫県,近畿,34.776667,135.013333,145,アメダス,気温 / 降水量 / 風 / 日照時間 / 湿度,https://www.data.jma.go.jp/stats/etrn/index.php?prec_no=63&block_no=1227&year=&month=&day=&view=,現役,
63491,家島,イエシマ,兵庫県,近畿,34.671667,134.526667,88,アメダス,気温 / 降水量 / 風 / 日照時間 / 湿度,https://www.data.jma.go.jp/stats/etrn/index.php?prec_no=63&block_no=0624&year=&month=&day=&view=,現役,
63496,明石,アカシ,兵庫県,近畿,34.686667,134.876667,3,アメダス,気温 / 降水量 / 風 / 日照時間 / 湿度,https://www.data.jma.go.jp/stats/etrn/index.php?prec_no=63&block_no=0625&year=&month=&day=&view=,現役,
63517,神戸空港,コウベクウコウ：神戸空港,兵庫県,近畿,34.631667,135.223333,5,アメダス,気温 / 降水量 / 風,https://www.data.jma.go.jp/stats/etrn/index.php?prec_no=63&block_no=1587&year=&month=&day=&view=,現役,
63518,神戸,コウベ,兵庫県,近畿,34.696667,135.211667,5,気象台等,気温 / 降水量 / 風 / 日照時間 / 積雪 / 湿度,https://www.data.jma.go.jp/stats/etrn/index.php?prec_no=63&block_no=47770&year=&month=&day=&view=,現役,
63551,郡家,グンゲ,兵庫県,近畿,34.466667,134.848333,5,アメダス,気温 / 降水量 / 風 / 日照時間 / 湿度,https://www.data.jma.go.jp/stats/etrn/index.php?prec_no=63&block_no=0970&year=&month=&day=&view=,現役,
63571,洲本,スモト,兵庫県,近畿,34.31,134.848333,69,気象台等,気温 / 降水量 / 風 / 日照時間 / 湿度,https://www.data.jma.go.jp/stats/etrn/index.php?prec_no=63&block_no=47776&year=&month=&day=&view=,現役,
63588,南淡,ナンダン,兵庫県,近畿,34.218333,134.72,5,アメダス,気温 / 降水量 / 風 / 日照時間 / 湿度,https://www.data.jma.go.jp/stats/etrn/index.php?prec_no=63&block_no=1337&year=&month=&day=&view=,現役,
64036,奈良,ナラ,奈良県,近畿,34.673333,135.836667,102,気象台等,気温 / 降水量 / 風 / 日照時間 / 積雪 / 湿度,https://www.data.jma.go.jp/stats/etrn/index.php?prec_no=64&block_no=47780&year=&month=&day=&view=,現役,
64041,針,ハリ,奈良県,近畿,34.605,135.951667,468,アメダス,気温 / 降水量 / 風 / 日照時間 / 湿度,https://www.data.jma.go.jp/stats/etrn/index.php?prec_no=64&block_no=0630&year=&month=&day=&view=,現役,
64101,大宇陀,オオウダ,奈良県,近畿,34.488333,135.931667,349,アメダス,気温 / 降水量 / 風 / 日照時間 / 湿度,https://www.data.jma.go.jp/stats/etrn/index.php?prec_no=64&block_no=0633&year=&month=&day=&view=,現役,
64127,五條,ゴジョウ,奈良県,近畿,34.38,135.73,190,アメダス,気温 / 降水量 / 風 / 日照時間 / 湿度,https://www.data.jma.go.jp/stats/etrn/index.php?prec_no=64&block_no=0635&year=&month=&day=&view=,現役,
64206,上北山,カミキタヤマ,奈良県,近畿,34.136667,136.005,334,アメダス,気温 / 降水量 / 風 / 日照時間 / 湿度,https://www.data.jma.go.jp/stats/etrn/index.php?prec_no=64&block_no=0957&year=&month=&day=&view=,現役,
64227,風屋,カゼヤ,奈良県,近畿,34.045,135.786667,301,アメダス,気温 / 降水量 / 風 / 日照時間 / 湿度,https://www.data.jma.go.jp/stats/etrn/index.php?prec_no=64&block_no=1228&year=&month=&day=&view=,現役,
65026,かつらぎ,カツラギ,和歌山県,近畿,34.31,135.528333,142,アメダス,気温 / 降水量 / 風 / 日照時間 / 湿度,https://www.data.jma.go.jp/stats/etrn/index.php?prec_no=65&block_no=1342&year=&month=&day=&view=,現役,
65036,友ケ島,トモガシマ,和歌山県,近畿,34.28,134.998333,44,アメダス,気温 / 降水量 / 風 / 日照時間 / 湿度,https://www.data.jma.go.jp/stats/etrn/index.php?prec_no=65&block_no=1457&year=&month=&day=&view=,現役,
65042,和歌山,ワカヤマ,和歌山県,近畿,34.228333,135.163333,14,気象台等,気温 / 降水量 / 風 / 日照時間 / 積雪 / 湿度,https://www.data.jma.go.jp/stats/etrn/index.php?prec_no=65&block_no=47777&year=&month=&day=&view=,現役,
65061,高野山,コウヤサン,和歌山県,近畿,34.221667,135.59,801,アメダス,気温 / 降水量 / 風 / 日照時間 / 湿度,https://www.data.jma.go.jp/stats/etrn/index.php?prec_no=65&block_no=0645&year=&month=&day=&view=,現役,
65121,清水,シミズ,和歌山県,近畿,34.086667,135.425,240,アメダス,気温 / 降水量 / 風 / 日照時間 / 湿度,https://www.data.jma.go.jp/stats/etrn/index.php?prec_no=65&block_no=1063&year=&month=&day=&view=,現役,
65162,龍神,リュウジン,和歌山県,近畿,33.945,135.556667,410,アメダス,気温 / 降水量 / 風 / 日照時間 / 湿度,https://www.data.jma.go.jp/stats/etrn/index.php?prec_no=65&block_no=1089&year=&month=&day=&view=,現役,
65201,川辺,カワベ,和歌山県,近畿,33.893333,135.216667,84,アメダス,気温 / 降水量 / 風 / 日照時間 / 湿度,https://www.data.jma.go.jp/stats/etrn/index.php?prec_no=65&block_no=1485&year=&month=&day=&view=,現役,
65256,栗栖川,クリスガワ,和歌山県,近畿,33.791667,135.513333,160,アメダス,気温 / 降水量 / 風 / 日照時間 / 湿度,https://www.data.jma.go.jp/stats/etrn/index.php?prec_no=65&block_no=0971&year=&month=&day=&view=,現役,
65276,新宮,シングウ,和歌山県,近畿,33.686667,135.97,18,アメダス,気温 / 降水量 / 風 / 日照時間 / 湿度,https://www.data.jma.go.jp/stats/etrn/index.php?prec_no=65&block_no=0649&year=&month=&day=&view=,現役,
65288,南紀白浜,ナンキシラハマ：南紀白浜空港,和歌山県,近畿,33.661667,135.363333,89,アメダス,気温 / 降水量 / 風,https://www.data.jma.go.jp/stats/etrn/index.php?prec_no=65&block_no=1589&year=&month=&day=&view=,現役,
65306,西川,ニシカワ,和歌山県,近畿,33.638333,135.71,150,アメダス,気温 / 降水量 / 風 / 日照時間 / 湿度,https://www.data.jma.go.jp/stats/etrn/index.php?prec_no=65&block_no=1347&year=&month=&day=&view=,現役,
65356,潮岬,シオノミサキ,和歌山県,近畿,33.45,135.756667,68,気象台等,気温 / 降水量 / 風 / 日照時間 / 湿度,https://www.data.jma.go.jp/stats/etrn/index.php?prec_no=65&block_no=47778&year=&month=&day=&view=,現役,
66046,上長田,カミナガタ,岡山県,中国,35.296667,133.725,430,アメダス,気温 / 降水量 / 風 / 日照時間 / 積雪 / 湿度,https://www.data.jma.go.jp/stats/etrn/index.php?prec_no=66&block_no=1328&year=&month=&day=&view=,現役,
66091,千屋,チヤ,岡山県,中国,35.103333,133.435,525,アメダス,気温 / 降水量 / 風 / 日照時間 / 積雪 / 湿度,https://www.data.jma.go.jp/stats/etrn/index.php?prec_no=66&block_no=1330&year=&month=&day=&view=,現役,
66127,奈義,ナギ,岡山県,中国,35.111667,134.17,212,アメダス,気温 / 降水量 / 風 / 日照時間 / 湿度,https://www.data.jma.go.jp/stats/etrn/index.php?prec_no=66&block_no=1140&year=&month=&day=&view=,現役,
66136,今岡,イマオカ,岡山県,中国,35.098333,134.325,207,アメダス,気温 / 降水量 / 風 / 日照時間 / 積雪 / 湿度,https://www.data.jma.go.jp/stats/etrn/index.php?prec_no=66&block_no=0655&year=&month=&day=&view=,現役,
66171,久世,クセ,岡山県,中国,35.068333,133.753333,144,アメダス,気温 / 降水量 / 風 / 日照時間 / 湿度,https://www.data.jma.go.jp/stats/etrn/index.php?prec_no=66&block_no=0656&year=&month=&day=&view=,現役,
66186,津山,ツヤマ,岡山県,中国,35.063333,134.008333,146,気象台等,気温 / 降水量 / 風 / 日照時間 / 積雪 / 湿度,https://www.data.jma.go.jp/stats/etrn/index.php?prec_no=66&block_no=47756&year=&month=&day=&view=,現役,
66221,新見,ニイミ,岡山県,中国,34.943333,133.518333,393,アメダス,気温 / 降水量 / 風 / 日照時間 / 湿度,https://www.data.jma.go.jp/stats/etrn/index.php?prec_no=66&block_no=0658&year=&month=&day=&view=,現役,
66296,福渡,フクワタリ,岡山県,中国,34.866667,133.903333,63,アメダス,気温 / 降水量 / 風 / 日照時間 / 湿度,https://www.data.jma.go.jp/stats/etrn/index.php?prec_no=66&block_no=0663&year=&month=&day=&view=,現役,
66306,和気,ワケ,岡山県,中国,34.815,134.183333,35,アメダス,気温 / 降水量 / 風 / 日照時間 / 湿度,https://www.data.jma.go.jp/stats/etrn/index.php?prec_no=66&block_no=0664&year=&month=&day=&view=,現役,
66336,高梁,タカハシ,岡山県,中国,34.791667,133.61,60,アメダス,気温 / 降水量 / 風 / 日照時間 / 湿度,https://www.data.jma.go.jp/stats/etrn/index.php?prec_no=66&block_no=0930&year=&month=&day=&view=,現役,
66346,日応寺,ニチオウジ：岡山空港,岡山県,中国,34.756667,133.855,239,アメダス,気温 / 降水量 / 風,https://www.data.jma.go.jp/stats/etrn/index.php?prec_no=66&block_no=1531&year=&month=&day=&view=,現役,
66408,岡山,オカヤマ,岡山県,中国,34.685,133.925,5,気象台等,気温 / 降水量 / 風 / 日照時間 / 積雪 / 湿度,https://www.data.jma.go.jp/stats/etrn/index.php?prec_no=66&block_no=47768&year=&month=&day=&view=,現役,
66421,虫明,ムシアゲ,岡山県,中国,34.681667,134.206667,10,アメダス,気温 / 降水量 / 風 / 日照時間 / 湿度,https://www.data.jma.go.jp/stats/etrn/index.php?prec_no=66&block_no=0668&year=&month=&day=&view=,現役,
66446,倉敷,クラシキ,岡山県,中国,34.59,133.768333,3,アメダス,気温 / 降水量 / 風 / 日照時間 / 湿度,https://www.data.jma.go.jp/stats/etrn/index.php?prec_no=66&block_no=0669&year=&month=&day=&view=,現役,
66481,笠岡,カサオカ,岡山県,中国,34.501667,133.495,0,アメダス,気温 / 降水量 / 風 / 日照時間 / 湿度,https://www.data.jma.go.jp/stats/etrn/index.php?prec_no=66&block_no=0919&year=&month=&day=&view=,現役,
66501,玉野,タマノ,岡山県,中国,34.486667,133.95,2,アメダス,気温 / 降水量 / 風 / 日照時間 / 湿度,https://www.data.jma.go.jp/stats/etrn/index.php?prec_no=66&block_no=0670&year=&month=&day=&view=,現役,
67016,高野,タカノ,広島県,中国,35.033333,132.901667,570,アメダス,気温 / 降水量 / 風 / 日照時間 / 積雪 / 湿度,https://www.data.jma.go.jp/stats/etrn/index.php?prec_no=67&block_no=0947&year=&month=&day=&view=,現役,
67106,三次,ミヨシ,広島県,中国,34.811667,132.85,159,アメダス,気温 / 降水量 / 風 / 日照時間 / 湿度,https://www.data.jma.go.jp/stats/etrn/index.php?prec_no=67&block_no=0674&year=&month=&day=&view=,現役,
67116,庄原,ショウバラ,広島県,中国,34.86,133.023333,300,アメダス,気温 / 降水量 / 風 / 日照時間 / 湿度,https://www.data.jma.go.jp/stats/etrn/index.php?prec_no=67&block_no=0675&year=&month=&day=&view=,現役,
67151,大朝,オオアサ,広島県,中国,34.768333,132.463333,399,アメダス,気温 / 降水量 / 風 / 日照時間 / 積雪 / 湿度,https://www.data.jma.go.jp/stats/etrn/index.php?prec_no=67&block_no=0676&year=&month=&day=&view=,現役,
67191,油木,ユキ,広島県,中国,34.763333,133.278333,510,アメダス,気温 / 降水量 / 風 / 日照時間 / 湿度,https://www.data.jma.go.jp/stats/etrn/index.php?prec_no=67&block_no=1325&year=&month=&day=&view=,現役,
67212,加計,カケ,広島県,中国,34.61,132.32,210,アメダス,気温 / 降水量 / 風 / 日照時間 / 湿度,https://www.data.jma.go.jp/stats/etrn/index.php?prec_no=67&block_no=0677&year=&month=&day=&view=,現役,
67292,三入,ミイリ,広島県,中国,34.545,132.53,70,アメダス,気温 / 降水量 / 風 / 日照時間 / 湿度,https://www.data.jma.go.jp/stats/etrn/index.php?prec_no=67&block_no=0950&year=&month=&day=&view=,現役,
67316,世羅,セラ,広島県,中国,34.583333,133.05,350,アメダス,気温 / 降水量 / 風 / 日照時間 / 湿度,https://www.data.jma.go.jp/stats/etrn/index.php?prec_no=67&block_no=0681&year=&month=&day=&view=,現役,
67326,府中,フチュウ,広島県,中国,34.561667,133.231667,70,アメダス,気温 / 降水量 / 風 / 日照時間 / 湿度,https://www.data.jma.go.jp/stats/etrn/index.php?prec_no=67&block_no=0951&year=&month=&day=&view=,現役,
67376,東広島,ヒガシヒロシマ,広島県,中国,34.416667,132.7,224,アメダス,気温 / 降水量 / 風 / 日照時間 / 湿度,https://www.data.jma.go.jp/stats/etrn/index.php?prec_no=67&block_no=0683&year=&month=&day=&view=,現役,
67386,本郷,ホンゴウ：広島空港,広島県,中国,34.435,132.918333,331,アメダス,気温 / 降水量 / 風,https://www.data.jma.go.jp/stats/etrn/index.php?prec_no=67&block_no=1472&year=&month=&day=&view=,現役,
67401,福山,フクヤマ,広島県,中国,34.446667,133.246667,2,気象台等,気温 / 降水量 / 風 / 日照時間 / 湿度,https://www.data.jma.go.jp/stats/etrn/index.php?prec_no=67&block_no=47767&year=&month=&day=&view=,現役,
67421,廿日市津田,ハツカイチツタ,広島県,中国,34.365,132.19,317,アメダス,気温 / 降水量 / 風 / 日照時間 / 湿度,https://www.data.jma.go.jp/stats/etrn/index.php?prec_no=67&block_no=1326&year=&month=&day=&view=,現役,
67437,広島,ヒロシマ,広島県,中国,34.398333,132.461667,4,気象台等,気温 / 降水量 / 風 / 日照時間 / 積雪 / 湿度,https://www.data.jma.go.jp/stats/etrn/index.php?prec_no=67&block_no=47765&year=&month=&day=&view=,現役,
67461,竹原,タケハラ,広島県,中国,34.33,132.981667,5,アメダス,気温 / 降水量 / 風 / 日照時間 / 湿度,https://www.data.jma.go.jp/stats/etrn/index.php?prec_no=67&block_no=0686&year=&month=&day=&view=,現役,
67471,生口島,イクチジマ,広島県,中国,34.278333,133.123333,3,アメダス,気温 / 降水量 / 風 / 日照時間 / 湿度,https://www.data.jma.go.jp/stats/etrn/index.php?prec_no=67&block_no=0687&year=&month=&day=&view=,現役,
67496,大竹,オオタケ,広島県,中国,34.221667,132.22,1,アメダス,気温 / 降水量 / 風 / 日照時間 / 湿度,https://www.data.jma.go.jp/stats/etrn/index.php?prec_no=67&block_no=0688&year=&month=&day=&view=,現役,
67511,呉,クレ,広島県,中国,34.24,132.55,4,気象台等,気温 / 降水量 / 風 / 日照時間 / 湿度,https://www.data.jma.go.jp/stats/etrn/index.php?prec_no=67&block_no=47766&year=&month=&day=&view=,現役,
67576,呉市蒲刈,クレシカマガリ,広島県,中国,34.165,132.748333,48,アメダス,気温 / 降水量 / 風 / 日照時間 / 湿度,https://www.data.jma.go.jp/stats/etrn/index.php?prec_no=67&block_no=1606&year=&month=&day=&view=,現役,
68022,西郷,サイゴウ,島根県,中国,36.203333,133.333333,27,気象台等,気温 / 降水量 / 風 / 日照時間 / 積雪 / 湿度,https://www.data.jma.go.jp/stats/etrn/index.php?prec_no=68&block_no=47740&year=&month=&day=&view=,現役,
68046,西郷岬,サイゴウミサキ：隠岐空港,島根県,中国,36.178333,133.323333,80,アメダス,気温 / 降水量 / 風,https://www.data.jma.go.jp/stats/etrn/index.php?prec_no=68&block_no=1473&year=&month=&day=&view=,現役,
68056,海士,アマ,島根県,中国,36.096667,133.096667,3,アメダス,気温 / 降水量 / 風 / 日照時間 / 湿度,https://www.data.jma.go.jp/stats/etrn/index.php?prec_no=68&block_no=1307&year=&month=&day=&view=,現役,
68091,鹿島,カシマ,島根県,中国,35.52,132.983333,3,アメダス,気温 / 降水量 / 風 / 日照時間 / 湿度,https://www.data.jma.go.jp/stats/etrn/index.php?prec_no=68&block_no=0693&year=&month=&day=&view=,現役,
68121,斐川,ヒカワ：出雲空港,島根県,中国,35.413333,132.89,2,アメダス,気温 / 降水量 / 風 / 積雪,https://www.data.jma.go.jp/stats/etrn/index.php?prec_no=68&block_no=0694&year=&month=&day=&view=,現役,
68132,松江,マツエ,島根県,中国,35.456667,133.065,17,気象台等,気温 / 降水量 / 風 / 日照時間 / 積雪 / 湿度,https://www.data.jma.go.jp/stats/etrn/index.php?prec_no=68&block_no=47741&year=&month=&day=&view=,現役,
68156,出雲,イズモ,島根県,中国,35.331667,132.73,20,アメダス,気温 / 降水量 / 風 / 日照時間 / 湿度,https://www.data.jma.go.jp/stats/etrn/index.php?prec_no=68&block_no=1310&year=&month=&day=&view=,現役,
68246,大田,オオダ,島根県,中国,35.19,132.496667,30,アメダス,気温 / 降水量 / 風 / 日照時間 / 湿度,https://www.data.jma.go.jp/stats/etrn/index.php?prec_no=68&block_no=0697&year=&month=&day=&view=,現役,
68261,掛合,カケヤ,島根県,中国,35.196667,132.815,215,アメダス,気温 / 降水量 / 風 / 日照時間 / 湿度,https://www.data.jma.go.jp/stats/etrn/index.php?prec_no=68&block_no=0698&year=&month=&day=&view=,現役,
68276,横田,ヨコタ,島根県,中国,35.173333,133.103333,369,アメダス,気温 / 降水量 / 風 / 日照時間 / 積雪 / 湿度,https://www.data.jma.go.jp/stats/etrn/index.php?prec_no=68&block_no=0699&year=&month=&day=&view=,現役,
68306,赤名,アカナ,島根県,中国,35.001667,132.711667,444,アメダス,気温 / 降水量 / 風 / 日照時間 / 積雪 / 湿度,https://www.data.jma.go.jp/stats/etrn/index.php?prec_no=68&block_no=1320&year=&month=&day=&view=,現役,
68351,川本,カワモト,島根県,中国,34.976667,132.491667,132,アメダス,気温 / 降水量 / 風 / 日照時間 / 湿度,https://www.data.jma.go.jp/stats/etrn/index.php?prec_no=68&block_no=0701&year=&month=&day=&view=,現役,
68376,浜田,ハマダ,島根県,中国,34.896667,132.07,19,気象台等,気温 / 降水量 / 風 / 日照時間 / 湿度,https://www.data.jma.go.jp/stats/etrn/index.php?prec_no=68&block_no=47755&year=&month=&day=&view=,現役,
68401,瑞穂,ミズホ,島根県,中国,34.853333,132.53,327,アメダス,気温 / 降水量 / 風 / 日照時間 / 積雪 / 湿度,https://www.data.jma.go.jp/stats/etrn/index.php?prec_no=68&block_no=1094&year=&month=&day=&view=,現役,
68431,弥栄,ヤサカ,島根県,中国,34.776667,132.108333,380,アメダス,気温 / 降水量 / 風 / 日照時間 / 積雪 / 湿度,https://www.data.jma.go.jp/stats/etrn/index.php?prec_no=68&block_no=1321&year=&month=&day=&view=,現役,
68456,高津,タカツ：石見空港,島根県,中国,34.675,131.79,54,アメダス,気温 / 降水量 / 風,https://www.data.jma.go.jp/stats/etrn/index.php?prec_no=68&block_no=1474&year=&month=&day=&view=,現役,
68462,益田,マスダ,島根県,中国,34.686667,131.85,22,アメダス,気温 / 降水量 / 風 / 日照時間 / 湿度,https://www.data.jma.go.jp/stats/etrn/index.php?prec_no=68&block_no=0704&year=&month=&day=&view=,現役,
68516,津和野,ツワノ,島根県,中国,34.461667,131.77,165,アメダス,気温 / 降水量 / 風 / 日照時間 / 湿度,https://www.data.jma.go.jp/stats/etrn/index.php?prec_no=68&block_no=0707&year=&month=&day=&view=,現役,
68541,吉賀,ヨシカ,島根県,中国,34.391667,131.893333,250,アメダス,気温 / 降水量 / 風 / 日照時間 / 湿度,https://www.data.jma.go.jp/stats/etrn/index.php?prec_no=68&block_no=1592&year=&month=&day=&view=,現役,
69006,境,サカイ,鳥取県,中国,35.543333,133.235,2,気象台等,気温 / 降水量 / 風 / 日照時間 / 積雪 / 湿度,https://www.data.jma.go.jp/stats/etrn/index.php?prec_no=69&block_no=47742&year=&month=&day=&view=,現役,
69021,塩津,シオツ,鳥取県,中国,35.523333,133.566667,15,アメダス,気温 / 降水量 / 風 / 日照時間 / 湿度,https://www.data.jma.go.jp/stats/etrn/index.php?prec_no=69&block_no=1231&year=&month=&day=&view=,現役,
69041,青谷,アオヤ,鳥取県,中国,35.52,133.996667,13,アメダス,気温 / 降水量 / 風 / 日照時間 / 湿度,https://www.data.jma.go.jp/stats/etrn/index.php?prec_no=69&block_no=0709&year=&month=&day=&view=,現役,
69052,湖山,コヤマ：鳥取空港,鳥取県,中国,35.53,134.165,15,アメダス,気温 / 降水量 / 風,https://www.data.jma.go.jp/stats/etrn/index.php?prec_no=69&block_no=1519&year=&month=&day=&view=,現役,
69061,岩井,イワイ,鳥取県,中国,35.558333,134.36,19,アメダス,気温 / 降水量 / 風 / 日照時間 / 湿度,https://www.data.jma.go.jp/stats/etrn/index.php?prec_no=69&block_no=0711&year=&month=&day=&view=,現役,
69076,米子,ヨナゴ,鳥取県,中国,35.433333,133.338333,7,気象台等,気温 / 降水量 / 風 / 日照時間 / 積雪 / 湿度,https://www.data.jma.go.jp/stats/etrn/index.php?prec_no=69&block_no=47744&year=&month=&day=&view=,現役,
69101,倉吉,クラヨシ,鳥取県,中国,35.473333,133.838333,8,アメダス,気温 / 降水量 / 風 / 日照時間 / 積雪 / 湿度,https://www.data.jma.go.jp/stats/etrn/index.php?prec_no=69&block_no=0713&year=&month=&day=&view=,現役,
69122,鳥取,トットリ,鳥取県,中国,35.486667,134.238333,7,気象台等,気温 / 降水量 / 風 / 日照時間 / 積雪 / 湿度,https://www.data.jma.go.jp/stats/etrn/index.php?prec_no=69&block_no=47746&year=&month=&day=&view=,現役,
69246,智頭,チズ,鳥取県,中国,35.263333,134.24,182,アメダス,気温 / 降水量 / 風 / 日照時間 / 積雪 / 湿度,https://www.data.jma.go.jp/stats/etrn/index.php?prec_no=69&block_no=0718&year=&month=&day=&view=,現役,
69271,茶屋,チャヤ,鳥取県,中国,35.186667,133.23,490,アメダス,気温 / 降水量 / 風 / 日照時間 / 湿度,https://www.data.jma.go.jp/stats/etrn/index.php?prec_no=69&block_no=1304&year=&month=&day=&view=,現役,
71066,池田,イケダ,徳島県,四国,34.023333,133.795,214,アメダス,気温 / 降水量 / 風 / 日照時間 / 湿度,https://www.data.jma.go.jp/stats/etrn/index.php?prec_no=71&block_no=0720&year=&month=&day=&view=,現役,
71087,穴吹,アナブキ,徳島県,四国,34.04,134.156667,160,アメダス,気温 / 降水量 / 風 / 日照時間 / 湿度,https://www.data.jma.go.jp/stats/etrn/index.php?prec_no=71&block_no=0972&year=&month=&day=&view=,現役,
71106,徳島,トクシマ,徳島県,四国,34.066667,134.573333,2,気象台等,気温 / 降水量 / 風 / 日照時間 / 積雪 / 湿度,https://www.data.jma.go.jp/stats/etrn/index.php?prec_no=71&block_no=47895&year=&month=&day=&view=,現役,
71192,東祖谷,ヒガシイヤ,徳島県,四国,33.87,133.978333,781,アメダス,気温 / 降水量 / 風 / 日照時間 / 湿度,https://www.data.jma.go.jp/stats/etrn/index.php?prec_no=71&block_no=1677&year=&month=&day=&view=,現役,
71231,蒲生田,カモダ,徳島県,四国,33.836667,134.741667,10,アメダス,気温 / 降水量 / 風 / 日照時間 / 湿度,https://www.data.jma.go.jp/stats/etrn/index.php?prec_no=71&block_no=1242&year=&month=&day=&view=,現役,
71251,木頭,キトウ,徳島県,四国,33.771667,134.198333,363,アメダス,気温 / 降水量 / 風 / 日照時間 / 湿度,https://www.data.jma.go.jp/stats/etrn/index.php?prec_no=71&block_no=1352&year=&month=&day=&view=,現役,
71266,日和佐,ヒワサ,徳島県,四国,33.731667,134.538333,3,アメダス,気温 / 降水量 / 風 / 日照時間 / 湿度,https://www.data.jma.go.jp/stats/etrn/index.php?prec_no=71&block_no=0724&year=&month=&day=&view=,現役,
71291,海陽,カイヨウ,徳島県,四国,33.611667,134.355,5,アメダス,気温 / 降水量 / 風 / 日照時間 / 湿度,https://www.data.jma.go.jp/stats/etrn/index.php?prec_no=71&block_no=1604&year=&month=&day=&view=,現役,
72061,内海,ウチノミ,香川県,四国,34.471667,134.273333,20,アメダス,気温 / 降水量 / 風 / 日照時間 / 湿度,https://www.data.jma.go.jp/stats/etrn/index.php?prec_no=72&block_no=0726&year=&month=&day=&view=,現役,
72086,高松,タカマツ,香川県,四国,34.318333,134.053333,9,気象台等,気温 / 降水量 / 風 / 日照時間 / 積雪 / 湿度,https://www.data.jma.go.jp/stats/etrn/index.php?prec_no=72&block_no=47891&year=&month=&day=&view=,現役,
72111,多度津,タドツ,香川県,四国,34.275,133.751667,4,気象台等,気温 / 降水量 / 風 / 日照時間 / 湿度,https://www.data.jma.go.jp/stats/etrn/index.php?prec_no=72&block_no=47890&year=&month=&day=&view=,現役,
72121,滝宮,タキノミヤ,香川県,四国,34.236667,133.923333,60,アメダス,気温 / 降水量 / 風 / 日照時間 / 湿度,https://www.data.jma.go.jp/stats/etrn/index.php?prec_no=72&block_no=0729&year=&month=&day=&view=,現役,
72126,香南,コウナン：高松空港,香川県,四国,34.213333,134.015,185,アメダス,気温 / 降水量 / 風,https://www.data.jma.go.jp/stats/etrn/index.php?prec_no=72&block_no=1475&year=&month=&day=&view=,現役,
72146,引田,ヒケタ,香川県,四国,34.213333,134.406667,12,アメダス,気温 / 降水量 / 風 / 日照時間 / 湿度,https://www.data.jma.go.jp/stats/etrn/index.php?prec_no=72&block_no=0730&year=&month=&day=&view=,現役,
72161,財田,サイタ,香川県,四国,34.12,133.771667,65,アメダス,気温 / 降水量 / 風 / 日照時間 / 湿度,https://www.data.jma.go.jp/stats/etrn/index.php?prec_no=72&block_no=1239&year=&month=&day=&view=,現役,
73001,大三島,オオミシマ,愛媛県,四国,34.25,133.006667,9,アメダス,気温 / 降水量 / 風 / 日照時間 / 湿度,https://www.data.jma.go.jp/stats/etrn/index.php?prec_no=73&block_no=0732&year=&month=&day=&view=,現役,
73076,今治,イマバリ,愛媛県,四国,34.053333,132.975,27,アメダス,気温 / 降水量 / 風 / 日照時間 / 湿度,https://www.data.jma.go.jp/stats/etrn/index.php?prec_no=73&block_no=1077&year=&month=&day=&view=,現役,
73126,西条,サイジョウ,愛媛県,四国,33.915,133.08,4,アメダス,気温 / 降水量 / 風 / 日照時間 / 湿度,https://www.data.jma.go.jp/stats/etrn/index.php?prec_no=73&block_no=0958&year=&month=&day=&view=,現役,
73141,新居浜,ニイハマ,愛媛県,四国,33.936667,133.338333,90,アメダス,気温 / 降水量 / 風 / 日照時間 / 湿度,https://www.data.jma.go.jp/stats/etrn/index.php?prec_no=73&block_no=0734&year=&month=&day=&view=,現役,
73151,四国中央,シコクチュウオウ,愛媛県,四国,33.981667,133.581667,75,アメダス,気温 / 降水量 / 風 / 日照時間 / 湿度,https://www.data.jma.go.jp/stats/etrn/index.php?prec_no=73&block_no=0735&year=&month=&day=&view=,現役,
73166,松山,マツヤマ,愛媛県,四国,33.843333,132.776667,32,気象台等,気温 / 降水量 / 風 / 日照時間 / 積雪 / 湿度,https://www.data.jma.go.jp/stats/etrn/index.php?prec_no=73&block_no=47887&year=&month=&day=&view=,現役,
73168,松山南吉田,マツヤマミナミヨシダ：松山空港,愛媛県,四国,33.826667,132.698333,4,アメダス,気温 / 降水量 / 風,https://www.data.jma.go.jp/stats/etrn/index.php?prec_no=73&block_no=1521&year=&month=&day=&view=,現役,
73256,長浜,ナガハマ,愛媛県,四国,33.616667,132.48,4,アメダス,気温 / 降水量 / 風 / 日照時間 / 湿度,https://www.data.jma.go.jp/stats/etrn/index.php?prec_no=73&block_no=0739&year=&month=&day=&view=,現役,
73276,久万,クマ,愛媛県,四国,33.663333,132.895,511,アメダス,気温 / 降水量 / 風 / 日照時間 / 湿度,https://www.data.jma.go.jp/stats/etrn/index.php?prec_no=73&block_no=0741&year=&month=&day=&view=,現役,
73306,大洲,オオズ,愛媛県,四国,33.508333,132.535,20,アメダス,気温 / 降水量 / 風 / 日照時間 / 湿度,https://www.data.jma.go.jp/stats/etrn/index.php?prec_no=73&block_no=0959&year=&month=&day=&view=,現役,
73341,瀬戸,セト,愛媛県,四国,33.446667,132.256667,143,アメダス,気温 / 降水量 / 風 / 日照時間 / 湿度,https://www.data.jma.go.jp/stats/etrn/index.php?prec_no=73&block_no=1456&year=&month=&day=&view=,現役,
73406,宇和,ウワ,愛媛県,四国,33.366667,132.503333,200,アメダス,気温 / 降水量 / 風 / 日照時間 / 湿度,https://www.data.jma.go.jp/stats/etrn/index.php?prec_no=73&block_no=0961&year=&month=&day=&view=,現役,
73442,宇和島,ウワジマ,愛媛県,四国,33.226667,132.551667,2,気象台等,気温 / 降水量 / 風 / 日照時間 / 湿度,https://www.data.jma.go.jp/stats/etrn/index.php?prec_no=73&block_no=47892&year=&month=&day=&view=,現役,
73446,近永,チカナガ,愛媛県,四国,33.253333,132.675,129,アメダス,気温 / 降水量 / 風 / 日照時間 / 湿度,https://www.data.jma.go.jp/stats/etrn/index.php?prec_no=73&block_no=1350&year=&month=&day=&view=,現役,
73516,御荘,ミショウ,愛媛県,四国,32.963333,132.57,12,アメダス,気温 / 降水量 / 風 / 日照時間 / 湿度,https://www.data.jma.go.jp/stats/etrn/index.php?prec_no=73&block_no=0745&year=&month=&day=&view=,現役,
74056,本川,ホンガワ,高知県,四国,33.765,133.338333,605,アメダス,気温 / 降水量 / 風 / 日照時間 / 湿度,https://www.data.jma.go.jp/stats/etrn/index.php?prec_no=74&block_no=1351&year=&month=&day=&view=,現役,
74071,本山,モトヤマ,高知県,四国,33.753333,133.575,252,アメダス,気温 / 降水量 / 風 / 日照時間 / 湿度,https://www.data.jma.go.jp/stats/etrn/index.php?prec_no=74&block_no=0746&year=&month=&day=&view=,現役,
74136,大栃,オオドチ,高知県,四国,33.698333,133.875,210,アメダス,気温 / 降水量 / 風 / 日照時間 / 湿度,https://www.data.jma.go.jp/stats/etrn/index.php?prec_no=74&block_no=1229&year=&month=&day=&view=,現役,
74182,高知,コウチ,高知県,四国,33.566667,133.548333,1,気象台等,気温 / 降水量 / 風 / 日照時間 / 積雪 / 湿度,https://www.data.jma.go.jp/stats/etrn/index.php?prec_no=74&block_no=47893&year=&month=&day=&view=,現役,
74187,後免,ゴメン,高知県,四国,33.59,133.643333,12,アメダス,気温 / 降水量 / 風 / 日照時間 / 湿度,https://www.data.jma.go.jp/stats/etrn/index.php?prec_no=74&block_no=1249&year=&month=&day=&view=,現役,
74188,南国日章,ナンコクニッショウ：高知空港,高知県,四国,33.545,133.668333,9,アメダス,気温 / 降水量 / 風,https://www.data.jma.go.jp/stats/etrn/index.php?prec_no=74&block_no=1476&year=&month=&day=&view=,現役,
74271,安芸,アキ,高知県,四国,33.488333,133.933333,6,アメダス,気温 / 降水量 / 風 / 日照時間 / 湿度,https://www.data.jma.go.jp/stats/etrn/index.php?prec_no=74&block_no=0755&year=&month=&day=&view=,現役,
74296,梼原,ユスハラ,高知県,四国,33.39,132.921667,415,アメダス,気温 / 降水量 / 風 / 日照時間 / 湿度,https://www.data.jma.go.jp/stats/etrn/index.php?prec_no=74&block_no=0921&year=&month=&day=&view=,現役,
74311,須崎,スサキ,高知県,四国,33.385,133.276667,4,アメダス,気温 / 降水量 / 風 / 日照時間 / 湿度,https://www.data.jma.go.jp/stats/etrn/index.php?prec_no=74&block_no=0756&year=&month=&day=&view=,現役,
74361,窪川,クボカワ,高知県,四国,33.206667,133.128333,205,アメダス,気温 / 降水量 / 風 / 日照時間 / 湿度,https://www.data.jma.go.jp/stats/etrn/index.php?prec_no=74&block_no=0758&year=&month=&day=&view=,現役,
74372,室戸岬,ムロトミサキ,高知県,四国,33.251667,134.176667,185,気象台等,気温 / 降水量 / 風 / 日照時間 / 湿度,https://www.data.jma.go.jp/stats/etrn/index.php?prec_no=74&block_no=47899&year=&month=&day=&view=,現役,
74381,江川崎,エカワサキ,高知県,四国,33.17,132.791667,72,アメダス,気温 / 降水量 / 風 / 日照時間 / 湿度,https://www.data.jma.go.jp/stats/etrn/index.php?prec_no=74&block_no=1235&year=&month=&day=&view=,現役,
74436,佐賀,サガ,高知県,四国,33.078333,133.101667,3,アメダス,気温 / 降水量 / 風 / 日照時間 / 湿度,https://www.data.jma.go.jp/stats/etrn/index.php?prec_no=74&block_no=1233&year=&month=&day=&view=,現役,
74447,宿毛,スクモ,高知県,四国,32.905,132.716667,21,気象台等,気温 / 降水量 / 風 / 日照時間 / 湿度,https://www.data.jma.go.jp/stats/etrn/index.php?prec_no=74&block_no=47897&year=&month=&day=&view=,現役,
74456,中村,ナカムラ,高知県,四国,32.99,132.92,8,アメダス,気温 / 降水量 / 風 / 日照時間 / 湿度,https://www.data.jma.go.jp/stats/etrn/index.php?prec_no=74&block_no=0763&year=&month=&day=&view=,現役,
74516,清水,シミズ,高知県,四国,32.721667,133.01,31,気象台等,気温 / 降水量 / 風 / 日照時間 / 湿度,https://www.data.jma.go.jp/stats/etrn/index.php?prec_no=74&block_no=47898&year=&month=&day=&view=,現役,
81011,須佐,スサ,山口県,中国,34.615,131.623333,50,アメダス,気温 / 降水量 / 風 / 日照時間 / 湿度,https://www.data.jma.go.jp/stats/etrn/index.php?prec_no=81&block_no=0765&year=&month=&day=&view=,現役,
81071,萩,ハギ,山口県,中国,34.41,131.405,2,気象台等,気温 / 降水量 / 風 / 日照時間 / 湿度,https://www.data.jma.go.jp/stats/etrn/index.php?prec_no=81&block_no=47754&year=&month=&day=&view=,現役,
81116,油谷,ユヤ,山口県,中国,34.37,131.055,20,アメダス,気温 / 降水量 / 風 / 日照時間 / 湿度,https://www.data.jma.go.jp/stats/etrn/index.php?prec_no=81&block_no=0939&year=&month=&day=&view=,現役,
81151,徳佐,トクサ,山口県,中国,34.398333,131.725,310,アメダス,気温 / 降水量 / 風 / 日照時間 / 湿度,https://www.data.jma.go.jp/stats/etrn/index.php?prec_no=81&block_no=0767&year=&month=&day=&view=,現役,
81196,秋吉台,アキヨシダイ,山口県,中国,34.235,131.306667,240,アメダス,気温 / 降水量 / 風 / 日照時間 / 湿度,https://www.data.jma.go.jp/stats/etrn/index.php?prec_no=81&block_no=0769&year=&month=&day=&view=,現役,
81231,広瀬,ヒロセ,山口県,中国,34.261667,131.951667,97,アメダス,気温 / 降水量 / 風 / 日照時間 / 湿度,https://www.data.jma.go.jp/stats/etrn/index.php?prec_no=81&block_no=0771&year=&month=&day=&view=,現役,
81266,豊田,トヨタ,山口県,中国,34.186667,131.076667,40,アメダス,気温 / 降水量 / 風 / 日照時間 / 湿度,https://www.data.jma.go.jp/stats/etrn/index.php?prec_no=81&block_no=0772&year=&month=&day=&view=,現役,
81286,山口,ヤマグチ,山口県,中国,34.161667,131.461667,18,気象台等,気温 / 降水量 / 風 / 日照時間 / 積雪 / 湿度,https://www.data.jma.go.jp/stats/etrn/index.php?prec_no=81&block_no=47784&year=&month=&day=&view=,現役,
81321,岩国,イワクニ,山口県,中国,34.155,132.178333,41,アメダス,気温 / 降水量 / 風 / 日照時間 / 湿度,https://www.data.jma.go.jp/stats/etrn/index.php?prec_no=81&block_no=0940&year=&month=&day=&view=,現役,
81371,防府,ホウフ,山口県,中国,34.04,131.533333,4,アメダス,気温 / 降水量 / 風 / 日照時間 / 湿度,https://www.data.jma.go.jp/stats/etrn/index.php?prec_no=81&block_no=0775&year=&month=&day=&view=,現役,
81386,下松,クダマツ,山口県,中国,34.01,131.871667,27,アメダス,気温 / 降水量 / 風 / 日照時間 / 湿度,https://www.data.jma.go.jp/stats/etrn/index.php?prec_no=81&block_no=0776&year=&month=&day=&view=,現役,
81397,玖珂,クガ,山口県,中国,34.095,132.075,68,アメダス,気温 / 降水量 / 風 / 日照時間 / 湿度,https://www.data.jma.go.jp/stats/etrn/index.php?prec_no=81&block_no=0913&year=&month=&day=&view=,現役,
81428,下関,シモノセキ,山口県,中国,33.948333,130.925,3,気象台等,気温 / 降水量 / 風 / 日照時間 / 積雪 / 湿度,https://www.data.jma.go.jp/stats/etrn/index.php?prec_no=81&block_no=47762&year=&month=&day=&view=,現役,
81436,宇部,ウベ：山口宇部空港,山口県,中国,33.93,131.278333,5,アメダス,気温 / 降水量 / 風,https://www.data.jma.go.jp/stats/etrn/index.php?prec_no=81&block_no=0778&year=&month=&day=&view=,現役,
81481,柳井,ヤナイ,山口県,中国,33.958333,132.113333,3,アメダス,気温 / 降水量 / 風 / 日照時間 / 湿度,https://www.data.jma.go.jp/stats/etrn/index.php?prec_no=81&block_no=0942&year=&month=&day=&view=,現役,
81486,安下庄,アゲノショウ,山口県,中国,33.903333,132.293333,5,アメダス,気温 / 降水量 / 風 / 日照時間 / 湿度,https://www.data.jma.go.jp/stats/etrn/index.php?prec_no=81&block_no=0779&year=&month=&day=&view=,現役,
82046,宗像,ムナカタ,福岡県,九州,33.808333,130.538333,7,アメダス,気温 / 降水量 / 風 / 日照時間 / 湿度,https://www.data.jma.go.jp/stats/etrn/index.php?prec_no=82&block_no=0943&year=&month=&day=&view=,現役,
82056,八幡,ヤハタ,福岡県,九州,33.851667,130.743333,20,アメダス,気温 / 降水量 / 風 / 日照時間 / 湿度,https://www.data.jma.go.jp/stats/etrn/index.php?prec_no=82&block_no=0780&year=&month=&day=&view=,現役,
82068,空港北町,クウコウキタマチ：北九州空港,福岡県,九州,33.845,131.035,7,アメダス,気温 / 降水量 / 風,https://www.data.jma.go.jp/stats/etrn/index.php?prec_no=82&block_no=1590&year=&month=&day=&view=,現役,
82101,行橋,ユクハシ,福岡県,九州,33.713333,130.975,9,アメダス,気温 / 降水量 / 風 / 日照時間 / 湿度,https://www.data.jma.go.jp/stats/etrn/index.php?prec_no=82&block_no=0782&year=&month=&day=&view=,現役,
82136,飯塚,イイヅカ,福岡県,九州,33.651667,130.693333,37,気象台等,気温 / 降水量 / 風 / 日照時間 / 湿度,https://www.data.jma.go.jp/stats/etrn/index.php?prec_no=82&block_no=47809&year=&month=&day=&view=,現役,
82171,前原,マエバル,福岡県,九州,33.56,130.19,5,アメダス,気温 / 降水量 / 風 / 日照時間 / 湿度,https://www.data.jma.go.jp/stats/etrn/index.php?prec_no=82&block_no=0785&year=&month=&day=&view=,現役,
82182,福岡,フクオカ,福岡県,九州,33.581667,130.375,3,気象台等,気温 / 降水量 / 風 / 日照時間 / 積雪 / 湿度,https://www.data.jma.go.jp/stats/etrn/index.php?prec_no=82&block_no=47807&year=&month=&day=&view=,現役,
82186,博多,ハカタ：福岡空港,福岡県,九州,33.583333,130.451667,9,アメダス,気温 / 降水量 / 風,https://www.data.jma.go.jp/stats/etrn/index.php?prec_no=82&block_no=1477&year=&month=&day=&view=,現役,
82191,太宰府,ダザイフ,福岡県,九州,33.496667,130.49,52,アメダス,気温 / 降水量 / 風 / 日照時間 / 湿度,https://www.data.jma.go.jp/stats/etrn/index.php?prec_no=82&block_no=1141&year=&month=&day=&view=,現役,
82206,添田,ソエダ,福岡県,九州,33.558333,130.855,92,アメダス,気温 / 降水量 / 風 / 日照時間 / 湿度,https://www.data.jma.go.jp/stats/etrn/index.php?prec_no=82&block_no=1046&year=&month=&day=&view=,現役,
82261,朝倉,アサクラ,福岡県,九州,33.406667,130.695,38,アメダス,気温 / 降水量 / 風 / 日照時間 / 湿度,https://www.data.jma.go.jp/stats/etrn/index.php?prec_no=82&block_no=0788&year=&month=&day=&view=,現役,
82306,久留米,クルメ,福岡県,九州,33.303333,130.493333,7,アメダス,気温 / 降水量 / 風 / 日照時間 / 湿度,https://www.data.jma.go.jp/stats/etrn/index.php?prec_no=82&block_no=0790&year=&month=&day=&view=,現役,
82317,黒木,クロギ,福岡県,九州,33.225,130.645,144,アメダス,気温 / 降水量 / 風 / 日照時間 / 湿度,https://www.data.jma.go.jp/stats/etrn/index.php?prec_no=82&block_no=0792&year=&month=&day=&view=,現役,
82361,大牟田,オオムタ,福岡県,九州,33.006667,130.466667,40,アメダス,気温 / 降水量 / 風 / 日照時間 / 湿度,https://www.data.jma.go.jp/stats/etrn/index.php?prec_no=82&block_no=0793&year=&month=&day=&view=,現役,
83021,国見,クニミ,大分県,九州,33.678333,131.575,53,アメダス,気温 / 降水量 / 風 / 日照時間 / 湿度,https://www.data.jma.go.jp/stats/etrn/index.php?prec_no=83&block_no=1137&year=&month=&day=&view=,現役,
83051,中津,ナカツ,大分県,九州,33.586667,131.245,12,アメダス,気温 / 降水量 / 風 / 日照時間 / 湿度,https://www.data.jma.go.jp/stats/etrn/index.php?prec_no=83&block_no=0794&year=&month=&day=&view=,現役,
83061,豊後高田,ブンゴタカダ,大分県,九州,33.57,131.433333,5,アメダス,気温 / 降水量 / 風 / 日照時間 / 湿度,https://www.data.jma.go.jp/stats/etrn/index.php?prec_no=83&block_no=0795&year=&month=&day=&view=,現役,
83106,院内,インナイ,大分県,九州,33.42,131.316667,90,アメダス,気温 / 降水量 / 風 / 日照時間 / 湿度,https://www.data.jma.go.jp/stats/etrn/index.php?prec_no=83&block_no=0931&year=&month=&day=&view=,現役,
83121,杵築,キツキ,大分県,九州,33.416667,131.596667,5,アメダス,気温 / 降水量 / 風 / 日照時間 / 湿度,https://www.data.jma.go.jp/stats/etrn/index.php?prec_no=83&block_no=1237&year=&month=&day=&view=,現役,
83126,武蔵,ムサシ：大分空港,大分県,九州,33.478333,131.736667,5,アメダス,気温 / 降水量 / 風,https://www.data.jma.go.jp/stats/etrn/index.php?prec_no=83&block_no=0796&year=&month=&day=&view=,現役,
83137,日田,ヒタ,大分県,九州,33.321667,130.928333,83,気象台等,気温 / 降水量 / 風 / 日照時間 / 湿度,https://www.data.jma.go.jp/stats/etrn/index.php?prec_no=83&block_no=47814&year=&month=&day=&view=,現役,
83191,玖珠,クス,大分県,九州,33.291667,131.155,331,アメダス,気温 / 降水量 / 風 / 日照時間 / 湿度,https://www.data.jma.go.jp/stats/etrn/index.php?prec_no=83&block_no=0932&year=&month=&day=&view=,現役,
83201,湯布院,ユフイン,大分県,九州,33.253333,131.346667,435,アメダス,気温 / 降水量 / 風 / 日照時間 / 湿度,https://www.data.jma.go.jp/stats/etrn/index.php?prec_no=83&block_no=0799&year=&month=&day=&view=,現役,
83216,大分,オオイタ,大分県,九州,33.235,131.618333,5,気象台等,気温 / 降水量 / 風 / 日照時間 / 積雪 / 湿度,https://www.data.jma.go.jp/stats/etrn/index.php?prec_no=83&block_no=47815&year=&month=&day=&view=,現役,
83341,犬飼,イヌカイ,大分県,九州,33.065,131.631667,121,アメダス,気温 / 降水量 / 風 / 日照時間 / 湿度,https://www.data.jma.go.jp/stats/etrn/index.php?prec_no=83&block_no=0805&year=&month=&day=&view=,現役,
83371,竹田,タケタ,大分県,九州,32.973333,131.398333,261,アメダス,気温 / 降水量 / 風 / 日照時間 / 湿度,https://www.data.jma.go.jp/stats/etrn/index.php?prec_no=83&block_no=0806&year=&month=&day=&view=,現役,
83401,佐伯,サイキ,大分県,九州,32.95,131.901667,2,アメダス,気温 / 降水量 / 風 / 日照時間 / 湿度,https://www.data.jma.go.jp/stats/etrn/index.php?prec_no=83&block_no=0808&year=&month=&day=&view=,現役,
83431,宇目,ウメ,大分県,九州,32.845,131.675,200,アメダス,気温 / 降水量 / 風 / 日照時間 / 湿度,https://www.data.jma.go.jp/stats/etrn/index.php?prec_no=83&block_no=1142&year=&month=&day=&view=,現役,
83476,蒲江,カマエ,大分県,九州,32.795,131.923333,2,アメダス,気温 / 降水量 / 風 / 日照時間 / 湿度,https://www.data.jma.go.jp/stats/etrn/index.php?prec_no=83&block_no=0810&year=&month=&day=&view=,現役,
84012,鰐浦,ワニウラ,長崎県,九州,34.698333,129.445,63,アメダス,気温 / 降水量 / 風 / 日照時間 / 湿度,https://www.data.jma.go.jp/stats/etrn/index.php?prec_no=84&block_no=1453&year=&month=&day=&view=,現役,
84072,厳原,イヅハラ,長崎県,九州,34.196667,129.291667,5,気象台等,気温 / 降水量 / 風 / 日照時間 / 湿度,https://www.data.jma.go.jp/stats/etrn/index.php?prec_no=84&block_no=47800&year=&month=&day=&view=,現役,
84076,美津島,ミツシマ：対馬空港,長崎県,九州,34.285,129.33,63,アメダス,気温 / 降水量 / 風,https://www.data.jma.go.jp/stats/etrn/index.php?prec_no=84&block_no=1538&year=&month=&day=&view=,現役,
84121,芦辺,アシベ,長崎県,九州,33.8,129.721667,97,アメダス,気温 / 降水量 / 風 / 日照時間 / 湿度,https://www.data.jma.go.jp/stats/etrn/index.php?prec_no=84&block_no=1144&year=&month=&day=&view=,現役,
84122,石田,イシダ：壱岐空港,長崎県,九州,33.748333,129.785,12,アメダス,気温 / 降水量 / 風,https://www.data.jma.go.jp/stats/etrn/index.php?prec_no=84&block_no=1478&year=&month=&day=&view=,現役,
84171,平戸,ヒラド,長崎県,九州,33.36,129.55,58,気象台等,気温 / 降水量 / 風 / 日照時間 / 湿度,https://www.data.jma.go.jp/stats/etrn/index.php?prec_no=84&block_no=47805&year=&month=&day=&view=,現役,
84183,松浦,マツウラ,長崎県,九州,33.341667,129.711667,14,アメダス,気温 / 降水量 / 風 / 日照時間 / 湿度,https://www.data.jma.go.jp/stats/etrn/index.php?prec_no=84&block_no=0814&year=&month=&day=&view=,現役,
84266,佐世保,サセボ,長崎県,九州,33.158333,129.726667,4,気象台等,気温 / 降水量 / 風 / 日照時間 / 湿度,https://www.data.jma.go.jp/stats/etrn/index.php?prec_no=84&block_no=47812&year=&month=&day=&view=,現役,
84306,西海,サイカイ,長崎県,九州,33.013333,129.651667,18,アメダス,気温 / 降水量 / 風 / 日照時間 / 湿度,https://www.data.jma.go.jp/stats/etrn/index.php?prec_no=84&block_no=1672&year=&month=&day=&view=,現役,
84341,有川,アリカワ,長崎県,九州,32.981667,129.118333,11,アメダス,気温 / 降水量 / 風 / 日照時間 / 湿度,https://www.data.jma.go.jp/stats/etrn/index.php?prec_no=84&block_no=1138&year=&month=&day=&view=,現役,
84371,大村,オオムラ：長崎空港,長崎県,九州,32.916667,129.913333,3,アメダス,気温 / 降水量 / 風,https://www.data.jma.go.jp/stats/etrn/index.php?prec_no=84&block_no=1084&year=&month=&day=&view=,現役,
84496,長崎,ナガサキ,長崎県,九州,32.733333,129.866667,27,気象台等,気温 / 降水量 / 風 / 日照時間 / 積雪 / 湿度,https://www.data.jma.go.jp/stats/etrn/index.php?prec_no=84&block_no=47817&year=&month=&day=&view=,現役,
84519,雲仙岳,ウンゼンダケ,長崎県,九州,32.736667,130.261667,678,気象台等,気温 / 降水量 / 風 / 日照時間 / 湿度,https://www.data.jma.go.jp/stats/etrn/index.php?prec_no=84&block_no=47818&year=&month=&day=&view=,現役,
84523,島原,シマバラ,長崎県,九州,32.76,130.361667,14,アメダス,気温 / 降水量 / 風 / 日照時間 / 湿度,https://www.data.jma.go.jp/stats/etrn/index.php?prec_no=84&block_no=0962&year=&month=&day=&view=,現役,
84536,福江,フクエ,長崎県,九州,32.693333,128.826667,25,気象台等,気温 / 降水量 / 風 / 日照時間 / 湿度,https://www.data.jma.go.jp/stats/etrn/index.php?prec_no=84&block_no=47843&year=&month=&day=&view=,現役,
84537,上大津,カミオオヅ：福江空港,長崎県,九州,32.665,128.831667,77,アメダス,気温 / 降水量 / 風,https://www.data.jma.go.jp/stats/etrn/index.php?prec_no=84&block_no=1479&year=&month=&day=&view=,現役,
84561,口之津,クチノツ,長崎県,九州,32.611667,130.193333,13,アメダス,気温 / 降水量 / 風 / 日照時間 / 湿度,https://www.data.jma.go.jp/stats/etrn/index.php?prec_no=84&block_no=0922&year=&month=&day=&view=,現役,
84597,脇岬,ワキミサキ,長崎県,九州,32.581667,129.776667,4,アメダス,気温 / 降水量 / 風 / 日照時間 / 湿度,https://www.data.jma.go.jp/stats/etrn/index.php?prec_no=84&block_no=1670&year=&month=&day=&view=,現役,
85033,唐津,カラツ,佐賀県,九州,33.458333,129.955,23,アメダス,気温 / 降水量 / 風 / 日照時間 / 湿度,https://www.data.jma.go.jp/stats/etrn/index.php?prec_no=85&block_no=1610&year=&month=&day=&view=,現役,
85116,伊万里,イマリ,佐賀県,九州,33.266667,129.878333,25,アメダス,気温 / 降水量 / 風 / 日照時間 / 湿度,https://www.data.jma.go.jp/stats/etrn/index.php?prec_no=85&block_no=1075&year=&month=&day=&view=,現役,
85142,佐賀,サガ,佐賀県,九州,33.265,130.305,6,気象台等,気温 / 降水量 / 風 / 日照時間 / 積雪 / 湿度,https://www.data.jma.go.jp/stats/etrn/index.php?prec_no=85&block_no=47813&year=&month=&day=&view=,現役,
85161,嬉野,ウレシノ,佐賀県,九州,33.116667,129.995,81,アメダス,気温 / 降水量 / 風 / 日照時間 / 湿度,https://www.data.jma.go.jp/stats/etrn/index.php?prec_no=85&block_no=0830&year=&month=&day=&view=,現役,
85166,白石,シロイシ,佐賀県,九州,33.183333,130.148333,2,アメダス,気温 / 降水量 / 風 / 日照時間 / 湿度,https://www.data.jma.go.jp/stats/etrn/index.php?prec_no=85&block_no=0829&year=&month=&day=&view=,現役,
85176,川副,カワソエ：佐賀空港,佐賀県,九州,33.148333,130.301667,2,アメダス,気温 / 降水量 / 風,https://www.data.jma.go.jp/stats/etrn/index.php?prec_no=85&block_no=1480&year=&month=&day=&view=,現役,
86006,鹿北,カホク,熊本県,九州,33.115,130.691667,119,アメダス,気温 / 降水量 / 風 / 日照時間 / 湿度,https://www.data.jma.go.jp/stats/etrn/index.php?prec_no=86&block_no=0832&year=&month=&day=&view=,現役,
86066,南小国,ミナミオグニ,熊本県,九州,33.103333,131.066667,448,アメダス,気温 / 降水量 / 風 / 日照時間 / 湿度,https://www.data.jma.go.jp/stats/etrn/index.php?prec_no=86&block_no=0833&year=&month=&day=&view=,現役,
86086,岱明,タイメイ,熊本県,九州,32.915,130.511667,15,アメダス,気温 / 降水量 / 風 / 日照時間 / 湿度,https://www.data.jma.go.jp/stats/etrn/index.php?prec_no=86&block_no=0834&year=&month=&day=&view=,現役,
86101,菊池,キクチ,熊本県,九州,32.945,130.781667,83,アメダス,気温 / 降水量 / 風 / 日照時間 / 湿度,https://www.data.jma.go.jp/stats/etrn/index.php?prec_no=86&block_no=0835&year=&month=&day=&view=,現役,
86111,阿蘇乙姫,アソオトヒメ,熊本県,九州,32.946667,131.04,487,アメダス,気温 / 降水量 / 風 / 日照時間 / 湿度,https://www.data.jma.go.jp/stats/etrn/index.php?prec_no=86&block_no=1240&year=&month=&day=&view=,現役,
86141,熊本,クマモト,熊本県,九州,32.813333,130.706667,38,気象台等,気温 / 降水量 / 風 / 日照時間 / 積雪 / 湿度,https://www.data.jma.go.jp/stats/etrn/index.php?prec_no=86&block_no=47819&year=&month=&day=&view=,現役,
86146,益城,マシキ：熊本空港,熊本県,九州,32.836667,130.855,193,アメダス,気温 / 降水量 / 風,https://www.data.jma.go.jp/stats/etrn/index.php?prec_no=86&block_no=0923&year=&month=&day=&view=,現役,
86157,南阿蘇,ミナミアソ,熊本県,九州,32.831667,131.013333,394,アメダス,気温 / 降水量 / 風 / 日照時間 / 積雪 / 湿度,https://www.data.jma.go.jp/stats/etrn/index.php?prec_no=86&block_no=1660&year=&month=&day=&view=,現役,
86161,高森,タカモリ,熊本県,九州,32.821667,131.125,555,アメダス,気温 / 降水量 / 風 / 日照時間 / 湿度,https://www.data.jma.go.jp/stats/etrn/index.php?prec_no=86&block_no=0840&year=&month=&day=&view=,現役,
86216,三角,ミスミ,熊本県,九州,32.611667,130.478333,60,アメダス,気温 / 降水量 / 風 / 日照時間 / 湿度,https://www.data.jma.go.jp/stats/etrn/index.php?prec_no=86&block_no=1081&year=&month=&day=&view=,現役,
86236,甲佐,コウサ,熊本県,九州,32.671667,130.816667,52,アメダス,気温 / 降水量 / 風 / 日照時間 / 湿度,https://www.data.jma.go.jp/stats/etrn/index.php?prec_no=86&block_no=0842&year=&month=&day=&view=,現役,
86271,松島,マツシマ,熊本県,九州,32.515,130.446667,2,アメダス,気温 / 降水量 / 風 / 日照時間 / 湿度,https://www.data.jma.go.jp/stats/etrn/index.php?prec_no=86&block_no=0843&year=&month=&day=&view=,現役,
86316,本渡,ホンド,熊本県,九州,32.468333,130.18,30,アメダス,気温 / 降水量 / 風 / 日照時間 / 湿度,https://www.data.jma.go.jp/stats/etrn/index.php?prec_no=86&block_no=0845&year=&month=&day=&view=,現役,
86336,八代,ヤツシロ,熊本県,九州,32.473333,130.606667,8,アメダス,気温 / 降水量 / 風 / 日照時間 / 湿度,https://www.data.jma.go.jp/stats/etrn/index.php?prec_no=86&block_no=0846&year=&month=&day=&view=,現役,
86451,水俣,ミナマタ,熊本県,九州,32.205,130.406667,6,アメダス,気温 / 降水量 / 風 / 日照時間 / 湿度,https://www.data.jma.go.jp/stats/etrn/index.php?prec_no=86&block_no=0924&year=&month=&day=&view=,現役,
86467,人吉,ヒトヨシ,熊本県,九州,32.216667,130.755,146,気象台等,気温 / 降水量 / 風 / 日照時間 / 湿度,https://www.data.jma.go.jp/stats/etrn/index.php?prec_no=86&block_no=47824&year=&month=&day=&view=,現役,
86477,上,ウエ,熊本県,九州,32.225,130.905,166,アメダス,気温 / 降水量 / 風 / 日照時間 / 湿度,https://www.data.jma.go.jp/stats/etrn/index.php?prec_no=86&block_no=0926&year=&month=&day=&view=,現役,
86491,牛深,ウシブカ,熊本県,九州,32.196667,130.026667,3,気象台等,気温 / 降水量 / 風 / 日照時間 / 湿度,https://www.data.jma.go.jp/stats/etrn/index.php?prec_no=86&block_no=47838&year=&month=&day=&view=,現役,
87041,高千穂,タカチホ,宮崎県,九州,32.711667,131.29,350,アメダス,気温 / 降水量 / 風 / 日照時間 / 湿度,https://www.data.jma.go.jp/stats/etrn/index.php?prec_no=87&block_no=0852&year=&month=&day=&view=,現役,
87066,古江,フルエ,宮崎県,九州,32.711667,131.82,14,アメダス,気温 / 降水量 / 風 / 日照時間 / 湿度,https://www.data.jma.go.jp/stats/etrn/index.php?prec_no=87&block_no=1135&year=&month=&day=&view=,現役,
87071,鞍岡,クラオカ,宮崎県,九州,32.643333,131.156667,590,アメダス,気温 / 降水量 / 風 / 日照時間 / 湿度,https://www.data.jma.go.jp/stats/etrn/index.php?prec_no=87&block_no=1348&year=&month=&day=&view=,現役,
87141,延岡,ノベオカ,宮崎県,九州,32.581667,131.656667,19,気象台等,気温 / 降水量 / 風 / 日照時間 / 湿度,https://www.data.jma.go.jp/stats/etrn/index.php?prec_no=87&block_no=47822&year=&month=&day=&view=,現役,
87181,日向,ヒュウガ,宮崎県,九州,32.408333,131.6,20,アメダス,気温 / 降水量 / 風 / 日照時間 / 湿度,https://www.data.jma.go.jp/stats/etrn/index.php?prec_no=87&block_no=0857&year=&month=&day=&view=,現役,
87206,神門,ミカド,宮崎県,九州,32.385,131.331667,250,アメダス,気温 / 降水量 / 風 / 日照時間 / 湿度,https://www.data.jma.go.jp/stats/etrn/index.php?prec_no=87&block_no=1353&year=&month=&day=&view=,現役,
87231,西米良,ニシメラ,宮崎県,九州,32.24,131.151667,260,アメダス,気温 / 降水量 / 風 / 日照時間 / 湿度,https://www.data.jma.go.jp/stats/etrn/index.php?prec_no=87&block_no=1345&year=&month=&day=&view=,現役,
87293,高鍋,タカナベ,宮崎県,九州,32.123333,131.475,57,アメダス,気温 / 降水量 / 風 / 日照時間 / 湿度,https://www.data.jma.go.jp/stats/etrn/index.php?prec_no=87&block_no=0859&year=&month=&day=&view=,現役,
87301,加久藤,カクトウ,宮崎県,九州,32.046667,130.81,228,アメダス,気温 / 降水量 / 風 / 日照時間 / 湿度,https://www.data.jma.go.jp/stats/etrn/index.php?prec_no=87&block_no=0860&year=&month=&day=&view=,現役,
87331,西都,サイト,宮崎県,九州,32.063333,131.413333,8,アメダス,気温 / 降水量 / 風 / 日照時間 / 湿度,https://www.data.jma.go.jp/stats/etrn/index.php?prec_no=87&block_no=0861&year=&month=&day=&view=,現役,
87352,小林,コバヤシ,宮崎県,九州,32,130.953333,276,アメダス,気温 / 降水量 / 風 / 日照時間 / 湿度,https://www.data.jma.go.jp/stats/etrn/index.php?prec_no=87&block_no=0863&year=&month=&day=&view=,現役,
87376,宮崎,ミヤザキ,宮崎県,九州,31.938333,131.413333,9,気象台等,気温 / 降水量 / 風 / 日照時間 / 積雪 / 湿度,https://www.data.jma.go.jp/stats/etrn/index.php?prec_no=87&block_no=47830&year=&month=&day=&view=,現役,
87406,田野,タノ,宮崎県,九州,31.843333,131.308333,134,アメダス,気温 / 降水量 / 風 / 日照時間 / 湿度,https://www.data.jma.go.jp/stats/etrn/index.php?prec_no=87&block_no=1663&year=&month=&day=&view=,現役,
87412,赤江,アカエ：宮崎空港,宮崎県,九州,31.876667,131.448333,6,アメダス,気温 / 降水量 / 風,https://www.data.jma.go.jp/stats/etrn/index.php?prec_no=87&block_no=1481&year=&month=&day=&view=,現役,
87426,都城,ミヤコノジョウ,宮崎県,九州,31.73,131.081667,154,気象台等,気温 / 降水量 / 風 / 日照時間 / 湿度,https://www.data.jma.go.jp/stats/etrn/index.php?prec_no=87&block_no=47829&year=&month=&day=&view=,現役,
87492,油津,アブラツ,宮崎県,九州,31.578333,131.406667,3,気象台等,気温 / 降水量 / 風 / 日照時間 / 湿度,https://www.data.jma.go.jp/stats/etrn/index.php?prec_no=87&block_no=47835&year=&month=&day=&view=,現役,
87501,串間,クシマ,宮崎県,九州,31.465,131.22,20,アメダス,気温 / 降水量 / 風 / 日照時間 / 湿度,https://www.data.jma.go.jp/stats/etrn/index.php?prec_no=87&block_no=0872&year=&month=&day=&view=,現役,
88061,阿久根,アクネ,鹿児島県,九州,32.026667,130.2,40,気象台等,気温 / 降水量 / 風 / 日照時間 / 湿度,https://www.data.jma.go.jp/stats/etrn/index.php?prec_no=88&block_no=47823&year=&month=&day=&view=,現役,
88081,大口,オオクチ,鹿児島県,九州,32.046667,130.626667,175,アメダス,気温 / 降水量 / 風 / 日照時間 / 湿度,https://www.data.jma.go.jp/stats/etrn/index.php?prec_no=88&block_no=0875&year=&month=&day=&view=,現役,
88107,さつま柏原,サツマカシワバル,鹿児島県,九州,31.916667,130.455,59,アメダス,気温 / 降水量 / 風 / 日照時間 / 湿度,https://www.data.jma.go.jp/stats/etrn/index.php?prec_no=88&block_no=0878&year=&month=&day=&view=,現役,
88131,中甑,ナカコシキ,鹿児島県,九州,31.835,129.866667,10,アメダス,気温 / 降水量 / 風 / 日照時間 / 湿度,https://www.data.jma.go.jp/stats/etrn/index.php?prec_no=88&block_no=0879&year=&month=&day=&view=,現役,
88151,川内,センダイ,鹿児島県,九州,31.833333,130.315,5,アメダス,気温 / 降水量 / 風 / 日照時間 / 湿度,https://www.data.jma.go.jp/stats/etrn/index.php?prec_no=88&block_no=0880&year=&month=&day=&view=,現役,
88166,溝辺,ミゾベ：鹿児島空港,鹿児島県,九州,31.803333,130.718333,272,アメダス,気温 / 降水量 / 風,https://www.data.jma.go.jp/stats/etrn/index.php?prec_no=88&block_no=0881&year=&month=&day=&view=,現役,
88261,東市来,ヒガシイチキ,鹿児島県,九州,31.668333,130.328333,40,アメダス,気温 / 降水量 / 風 / 日照時間 / 湿度,https://www.data.jma.go.jp/stats/etrn/index.php?prec_no=88&block_no=0883&year=&month=&day=&view=,現役,
88286,牧之原,マキノハラ,鹿児島県,九州,31.661667,130.843333,387,アメダス,気温 / 降水量 / 風 / 日照時間 / 湿度,https://www.data.jma.go.jp/stats/etrn/index.php?prec_no=88&block_no=0935&year=&month=&day=&view=,現役,
88317,鹿児島,カゴシマ,鹿児島県,九州,31.555,130.546667,4,気象台等,気温 / 降水量 / 風 / 日照時間 / 積雪 / 湿度,https://www.data.jma.go.jp/stats/etrn/index.php?prec_no=88&block_no=47827&year=&month=&day=&view=,現役,
88331,輝北,キホク,鹿児島県,九州,31.588333,130.855,360,アメダス,気温 / 降水量 / 風 / 日照時間 / 湿度,https://www.data.jma.go.jp/stats/etrn/index.php?prec_no=88&block_no=1146&year=&month=&day=&view=,現役,
88371,加世田,カセダ,鹿児島県,九州,31.415,130.325,9,アメダス,気温 / 降水量 / 風 / 日照時間 / 湿度,https://www.data.jma.go.jp/stats/etrn/index.php?prec_no=88&block_no=0887&year=&month=&day=&view=,現役,
88406,志布志,シブシ,鹿児島県,九州,31.478333,131.095,70,アメダス,気温 / 降水量 / 風 / 日照時間 / 湿度,https://www.data.jma.go.jp/stats/etrn/index.php?prec_no=88&block_no=0936&year=&month=&day=&view=,現役,
88432,喜入,キイレ,鹿児島県,九州,31.386667,130.54,4,アメダス,気温 / 降水量 / 風 / 日照時間 / 湿度,https://www.data.jma.go.jp/stats/etrn/index.php?prec_no=88&block_no=0890&year=&month=&day=&view=,現役,
88442,鹿屋,カノヤ,鹿児島県,九州,31.391667,130.863333,63,アメダス,気温 / 降水量 / 風 / 日照時間 / 湿度,https://www.data.jma.go.jp/stats/etrn/index.php?prec_no=88&block_no=0937&year=&month=&day=&view=,現役,
88447,肝付前田,キモツキマエダ,鹿児島県,九州,31.34,130.938333,31,アメダス,気温 / 降水量 / 風 / 日照時間 / 湿度,https://www.data.jma.go.jp/stats/etrn/index.php?prec_no=88&block_no=1181&year=&month=&day=&view=,現役,
88466,枕崎,マクラザキ,鹿児島県,九州,31.271667,130.291667,30,気象台等,気温 / 降水量 / 風 / 日照時間 / 湿度,https://www.data.jma.go.jp/stats/etrn/index.php?prec_no=88&block_no=47831&year=&month=&day=&view=,現役,
88486,指宿,イブスキ,鹿児島県,九州,31.25,130.636667,5,アメダス,気温 / 降水量 / 風 / 日照時間 / 湿度,https://www.data.jma.go.jp/stats/etrn/index.php?prec_no=88&block_no=0893&year=&month=&day=&view=,現役,
88506,内之浦,ウチノウラ,鹿児島県,九州,31.276667,131.055,8,アメダス,気温 / 降水量 / 風 / 日照時間 / 湿度,https://www.data.jma.go.jp/stats/etrn/index.php?prec_no=88&block_no=0895&year=&month=&day=&view=,現役,
88536,田代,タシロ,鹿児島県,九州,31.198333,130.843333,182,アメダス,気温 / 降水量 / 風 / 日照時間 / 湿度,https://www.data.jma.go.jp/stats/etrn/index.php?prec_no=88&block_no=1136&year=&month=&day=&view=,現役,
88612,種子島,タネガシマ,鹿児島県,九州,30.72,130.981667,25,気象台等,気温 / 降水量 / 風 / 日照時間 / 湿度,https://www.data.jma.go.jp/stats/etrn/index.php?prec_no=88&block_no=47837&year=&month=&day=&view=,現役,
88621,中種子,ナカタネ：種子島空港,鹿児島県,九州,30.605,130.991667,234,アメダス,気温 / 降水量 / 風,https://www.data.jma.go.jp/stats/etrn/index.php?prec_no=88&block_no=0897&year=&month=&day=&view=,現役,
88666,上中,カミナカ,鹿児島県,九州,30.406667,130.901667,150,アメダス,気温 / 降水量 / 風 / 日照時間 / 湿度,https://www.data.jma.go.jp/stats/etrn/index.php?prec_no=88&block_no=0898&year=&month=&day=&view=,現役,
88686,屋久島,ヤクシマ：屋久島空港,鹿児島県,九州,30.385,130.658333,37,気象台等,気温 / 降水量 / 風 / 日照時間 / 湿度,https://www.data.jma.go.jp/stats/etrn/index.php?prec_no=88&block_no=47836&year=&month=&day=&view=,現役,
88706,尾之間,オノアイダ,鹿児島県,九州,30.235,130.555,60,アメダス,気温 / 降水量 / 風 / 日照時間 / 湿度,https://www.data.jma.go.jp/stats/etrn/index.php?prec_no=88&block_no=0899&year=&month=&day=&view=,現役,
88736,中之島,ナカノシマ,鹿児島県,九州,29.84,129.866667,220,アメダス,気温 / 降水量 / 風 / 日照時間 / 湿度,https://www.data.jma.go.jp/stats/etrn/index.php?prec_no=88&block_no=1540&year=&month=&day=&view=,現役,
88821,笠利,カサリ：奄美空港,鹿児島県,九州,28.43,129.711667,4,アメダス,気温 / 降水量 / 風,https://www.data.jma.go.jp/stats/etrn/index.php?prec_no=88&block_no=1520&year=&month=&day=&view=,現役,
88837,名瀬,ナゼ,鹿児島県,九州,28.385,129.493333,3,気象台等,気温 / 降水量 / 風 / 日照時間 / 湿度,https://www.data.jma.go.jp/stats/etrn/index.php?prec_no=88&block_no=47909&year=&month=&day=&view=,現役,
88851,喜界島,キカイジマ：喜界空港,鹿児島県,九州,28.32,129.926667,5,アメダス,気温 / 降水量 / 風,https://www.data.jma.go.jp/stats/etrn/index.php?prec_no=88&block_no=1296&year=&month=&day=&view=,現役,
88901,古仁屋,コニヤ,鹿児島県,九州,28.143333,129.315,2,アメダス,気温 / 降水量 / 風 / 日照時間 / 湿度,https://www.data.jma.go.jp/stats/etrn/index.php?prec_no=88&block_no=0980&year=&month=&day=&view=,現役,
88931,天城,アマギ：徳之島空港,鹿児島県,九州,27.835,128.88,2,アメダス,気温 / 降水量 / 風,https://www.data.jma.go.jp/stats/etrn/index.php?prec_no=88&block_no=1542&year=&month=&day=&view=,現役,
88956,伊仙,イセン,鹿児島県,九州,27.676667,128.973333,44,アメダス,気温 / 降水量 / 風 / 日照時間 / 湿度,https://www.data.jma.go.jp/stats/etrn/index.php?prec_no=88&block_no=1139&year=&month=&day=&view=,現役,
88971,沖永良部,オキノエラブ：沖永良部空港,鹿児島県,九州,27.431667,128.705,27,気象台等,気温 / 降水量 / 風 / 日照時間 / 湿度,https://www.data.jma.go.jp/stats/etrn/index.php?prec_no=88&block_no=47942&year=&month=&day=&view=,現役,
88986,与論島,ヨロンジマ：与論空港,鹿児島県,九州,27.043333,128.401667,14,アメダス,気温 / 降水量 / 風,https://www.data.jma.go.jp/stats/etrn/index.php?prec_no=88&block_no=1277&year=&month=&day=&view=,現役,
91011,伊是名,イゼナ,沖縄県,沖縄,26.948333,127.94,14,アメダス,気温 / 降水量 / 風 / 日照時間 / 湿度,https://www.data.jma.go.jp/stats/etrn/index.php?prec_no=91&block_no=1147&year=&month=&day=&view=,現役,
91021,奥,オク,沖縄県,沖縄,26.835,128.271667,232,アメダス,気温 / 降水量 / 風 / 日照時間 / 湿度,https://www.data.jma.go.jp/stats/etrn/index.php?prec_no=91&block_no=0901&year=&month=&day=&view=,現役,
91107,名護,ナゴ,沖縄県,沖縄,26.593333,127.965,6,気象台等,気温 / 降水量 / 風 / 日照時間 / 湿度,https://www.data.jma.go.jp/stats/etrn/index.php?prec_no=91&block_no=47940&year=&month=&day=&view=,現役,
91141,北原,キタハラ：久米島空港,沖縄県,沖縄,26.363333,126.713333,7,アメダス,気温 / 降水量 / 風,https://www.data.jma.go.jp/stats/etrn/index.php?prec_no=91&block_no=1534&year=&month=&day=&view=,現役,
91146,久米島,クメジマ,沖縄県,沖縄,26.336667,126.803333,5,気象台等,気温 / 降水量 / 風 / 日照時間 / 湿度,https://www.data.jma.go.jp/stats/etrn/index.php?prec_no=91&block_no=47929&year=&month=&day=&view=,現役,
91166,宮城島,ミヤギジマ,沖縄県,沖縄,26.363333,127.971667,100,アメダス,気温 / 降水量 / 風 / 日照時間 / 湿度,https://www.data.jma.go.jp/stats/etrn/index.php?prec_no=91&block_no=1596&year=&month=&day=&view=,現役,
91181,渡嘉敷,トカシキ,沖縄県,沖縄,26.21,127.363333,220,アメダス,気温 / 降水量 / 風 / 日照時間 / 湿度,https://www.data.jma.go.jp/stats/etrn/index.php?prec_no=91&block_no=1152&year=&month=&day=&view=,現役,
91197,那覇,ナハ,沖縄県,沖縄,26.206667,127.686667,28,気象台等,気温 / 降水量 / 風 / 日照時間 / 積雪 / 湿度,https://www.data.jma.go.jp/stats/etrn/index.php?prec_no=91&block_no=47936&year=&month=&day=&view=,現役,
91236,安次嶺,アシミネ：那覇空港,沖縄県,沖縄,26.193333,127.638333,3,アメダス,気温 / 降水量 / 風,https://www.data.jma.go.jp/stats/etrn/index.php?prec_no=91&block_no=1482&year=&month=&day=&view=,現役,
91241,糸数,イトカズ,沖縄県,沖縄,26.153333,127.765,186,アメダス,気温 / 降水量 / 風 / 日照時間 / 湿度,https://www.data.jma.go.jp/stats/etrn/index.php?prec_no=91&block_no=0909&year=&month=&day=&view=,現役,
92006,北大東,キタダイトウ：北大東空港,沖縄県,沖縄,25.943333,131.326667,22,アメダス,気温 / 降水量 / 風,https://www.data.jma.go.jp/stats/etrn/index.php?prec_no=91&block_no=1517&year=&month=&day=&view=,現役,
92011,南大東,ミナミダイトウ,沖縄県,沖縄,25.828333,131.228333,15,気象台等,気温 / 降水量 / 風 / 日照時間 / 積雪 / 湿度,https://www.data.jma.go.jp/stats/etrn/index.php?prec_no=91&block_no=47945&year=&month=&day=&view=,現役,
92012,旧東,キュウトウ：南大東空港,沖縄県,沖縄,25.846667,131.263333,48,アメダス,気温 / 降水量 / 風,https://www.data.jma.go.jp/stats/etrn/index.php?prec_no=91&block_no=1518&year=&month=&day=&view=,現役,
93012,下地島,シモジシマ：下地島空港,沖縄県,沖縄,24.826667,125.143333,8,アメダス,気温 / 降水量 / 風,https://www.data.jma.go.jp/stats/etrn/index.php?prec_no=91&block_no=1490&year=&month=&day=&view=,現役,
93041,宮古島,ミヤコジマ,沖縄県,沖縄,24.793333,125.278333,39,気象台等,気温 / 降水量 / 風 / 日照時間 / 積雪 / 湿度,https://www.data.jma.go.jp/stats/etrn/index.php?prec_no=91&block_no=47927&year=&month=&day=&view=,現役,
93042,鏡原,カガミハラ：宮古空港,沖縄県,沖縄,24.781667,125.295,43,アメダス,気温 / 降水量 / 風,https://www.data.jma.go.jp/stats/etrn/index.php?prec_no=91&block_no=1483&year=&month=&day=&view=,現役,
93062,仲筋,ナカスジ：多良間空港,沖縄県,沖縄,24.653333,124.675,10,アメダス,気温 / 降水量 / 風,https://www.data.jma.go.jp/stats/etrn/index.php?prec_no=91&block_no=1491&year=&month=&day=&view=,現役,
94001,伊原間,イバルマ,沖縄県,沖縄,24.506667,124.28,11,アメダス,気温 / 降水量 / 風 / 日照時間 / 湿度,https://www.data.jma.go.jp/stats/etrn/index.php?prec_no=91&block_no=1145&year=&month=&day=&view=,現役,
94011,所野,トコロノ：与那国空港,沖縄県,沖縄,24.466667,122.978333,15,アメダス,気温 / 降水量 / 風,https://www.data.jma.go.jp/stats/etrn/index.php?prec_no=91&block_no=1493&year=&month=&day=&view=,現役,
94017,与那国島,ヨナグニジマ,沖縄県,沖縄,24.466667,123.01,30,気象台等,気温 / 降水量 / 風 / 日照時間 / 湿度,https://www.data.jma.go.jp/stats/etrn/index.php?prec_no=91&block_no=47912&year=&month=&day=&view=,現役,
94062,西表島,イリオモテジマ,沖縄県,沖縄,24.426667,123.765,10,気象台等,気温 / 降水量 / 風 / 日照時間 / 湿度,https://www.data.jma.go.jp/stats/etrn/index.php?prec_no=91&block_no=47917&year=&month=&day=&view=,現役,
94081,石垣島,イシガキジマ,沖縄県,沖縄,24.336667,124.163333,6,気象台等,気温 / 降水量 / 風 / 日照時間 / 積雪 / 湿度,https://www.data.jma.go.jp/stats/etrn/index.php?prec_no=91&block_no=47918&year=&month=&day=&view=,現役,
94086,盛山,モリヤマ：石垣空港,沖縄県,沖縄,24.395,124.245,31,アメダス,気温 / 降水量 / 風,https://www.data.jma.go.jp/stats/etrn/index.php?prec_no=91&block_no=1639&year=&month=&day=&view=,現役,
94101,大原,オオハラ,沖縄県,沖縄,24.265,123.871667,33,アメダス,気温 / 降水量 / 風 / 日照時間 / 湿度,https://www.data.jma.go.jp/stats/etrn/index.php?prec_no=91&block_no=1251&year=&month=&day=&view=,現役,
94116,波照間,ハテルマ,沖縄県,沖縄,24.055,123.766667,38,アメダス,気温 / 降水量 / 風 / 日照時間 / 湿度,https://www.data.jma.go.jp/stats/etrn/index.php?prec_no=91&block_no=1354&year=&month=&day=&view=,現役,
H627,筑波山,ツクバサン,茨城県,関東,36.2183,140.0967,,気象官署,気温 / 降水量 / 風 / 湿度 / 日照時間 / 積雪,https://www.data.jma.go.jp/stats/etrn/index.php?prec_no=40&block_no=1082&year=&month=&day=&view=,廃止済み,1961-01-01 〜 1976-12-31
H650,亀山,カメヤマ,三重県,近畿,34.8517,136.4633,,気象官署,気温 / 降水量 / 風 / 湿度 / 日照時間,,廃止済み,1961-01-01 〜 1966-12-31
H673,富崎,トミサキ,千葉県,関東,34.92,139.83,,気象官署,気温 / 降水量 / 風 / 湿度 / 日照時間,,廃止済み,1961-01-01 〜 1968-12-31
H676,新島,ニイジマ,東京都,関東,34.37,139.2467,,気象官署,気温 / 降水量 / 風 / 湿度 / 日照時間,,廃止済み,1961-01-01 〜 1966-12-31
H751,伊吹山,イブキヤマ,滋賀県,近畿,35.4183,136.4133,,気象官署,気温 / 降水量 / 風 / 湿度 / 日照時間 / 積雪,https://www.data.jma.go.jp/stats/etrn/index.php?prec_no=60&block_no=47751&year=&month=&day=&view=,廃止済み,1961-01-01 〜 2001-03-31
H763,防府,ホウフ,山口県,中国,34.0517,131.53,,気象官署,気温 / 降水量 / 風 / 湿度 / 日照時間,,廃止済み,1961-01-01 〜 1966-12-31
H816,富江,トミエ,長崎県,九州,32.62,128.7633,,気象官署,気温 / 降水量 / 風 / 湿度 / 日照時間,,廃止済み,1961-01-01 〜 1962-12-31
H821,阿蘇山,アソサン,熊本県,九州,32.88,131.0733,,気象官署,気温 / 降水量 / 風 / 湿度 / 日照時間 / 積雪,https://www.data.jma.go.jp/stats/etrn/index.php?prec_no=86&block_no=47821&year=&month=&day=&view=,廃止済み,1961-01-01 〜 2017-12-11
H894,剣山,ツルギサン,徳島県,四国,33.8533,134.0967,,気象官署,気温 / 降水量 / 風 / 湿度 / 日照時間 / 積雪,https://www.data.jma.go.jp/stats/etrn/index.php?prec_no=71&block_no=47894&year=&month=&day=&view=,廃止済み,1961-01-01 〜 2001-03-31
H941,沖永良部,オキノエラブ,鹿児島県,九州,27.3367,128.58,,気象官署,気温 / 降水量 / 風 / 湿度 / 日照時間,,廃止済み,1961-01-01 〜 1969-12-31
H963,鳥島,トリシマ,東京都,関東,30.4867,140.2967,,気象官署,気温 / 降水量 / 風 / 湿度 / 日照時間,,廃止済み,1961-01-01 〜 1965-12-31
11011,船泊,フナドマリ,北海道,北海道,45.437,141.035,8,アメダス,気温 / 降水量 / 風 / 日照時間,https://www.data.jma.go.jp/stats/etrn/index.php?prec_no=11&block_no=1207&year=&month=&day=&view=,廃止済み,1977-10-21 〜 2003-10-16
11012,幌泊,ホロドマリ,北海道,北海道,45.455,141.038,27,アメダス,気温 / 降水量 / 風,https://www.data.jma.go.jp/stats/etrn/index.php?prec_no=11&block_no=1593&year=&month=&day=&view=,廃止済み,2003-01-01 〜 2009-04-08
14171,西野幌,ニシノッポロ,北海道,北海道,43.043,141.54,22,アメダス,気温 / 降水量 / 風 / 日照時間,https://www.data.jma.go.jp/stats/etrn/index.php?prec_no=14&block_no=1076&year=&month=&day=&view=,廃止済み,1975-09-30 〜 2000-10-31
18206,計根別,ケネベツ,北海道,北海道,43.485,144.808,110,アメダス,気温 / 降水量 / 風 / 日照時間,https://www.data.jma.go.jp/stats/etrn/index.php?prec_no=18&block_no=0087&year=&month=&day=&view=,廃止済み,1974-11-01 〜 2003-10-16
31281,六ケ所,ロッカショ,青森県,東北,40.953,141.317,57,アメダス,気温 / 降水量 / 風 / 日照時間,,廃止済み,1975-05-21 〜 1982-09-21
31331,野辺地,ノヘジ,青森県,東北,40.85,141.105,43,アメダス,気温 / 降水量 / 風 / 日照時間 / 積雪,,廃止済み,1974-11-01 〜 2008-11-21
31661,休屋,ヤスミヤ,青森県,東北,40.427,140.893,405,アメダス,気温 / 降水量 / 風 / 日照時間,,廃止済み,1974-11-01 〜 1982-10-14
32221,大潟,オオガタ,秋田県,東北,40.008,139.958,0,アメダス,気温 / 降水量 / 風 / 日照時間,,廃止済み,1975-05-23 〜 1977-03-28
33446,門馬,カドマ,岩手県,東北,39.633,141.437,620,アメダス,気温 / 降水量 / 風 / 日照時間,https://www.data.jma.go.jp/stats/etrn/index.php?prec_no=33&block_no=1225&year=&month=&day=&view=,廃止済み,1977-12-08 〜 1993-10-07
33561,沢内,サワウチ,岩手県,東北,39.48,140.797,327,アメダス,気温 / 降水量 / 風 / 日照時間,,廃止済み,1976-11-17 〜 2017-07-10
33686,小鎚,コヅチ,岩手県,東北,39.36,141.905,4,アメダス,気温 / 降水量 / 風,,廃止済み,2011-06-14 〜 2021-12-07
33871,陸前高田,リクゼンタカタ,岩手県,東北,39.025,141.63,61,アメダス,気温 / 降水量 / 風,https://www.data.jma.go.jp/stats/etrn/index.php?prec_no=33&block_no=1629&year=&month=&day=&view=,廃止済み,2011-06-14 〜 2021-12-07
34231,桃生,モノウ,宮城県,東北,38.56,141.245,5,アメダス,気温 / 降水量 / 風,https://www.data.jma.go.jp/stats/etrn/index.php?prec_no=34&block_no=1630&year=&month=&day=&view=,廃止済み,2011-06-14 〜 2021-12-07
34286,東松島,ヒガシマツシマ,宮城県,東北,38.427,141.213,4,アメダス,気温 / 降水量 / 風,https://www.data.jma.go.jp/stats/etrn/index.php?prec_no=34&block_no=1631&year=&month=&day=&view=,廃止済み,2011-06-14 〜 2021-12-07
34361,江ノ島,エノシマ,宮城県,東北,38.398,141.597,40,アメダス,気温 / 降水量 / 風,https://www.data.jma.go.jp/stats/etrn/index.php?prec_no=34&block_no=1290&year=&month=&day=&view=,廃止済み,1978-10-31 〜 2021-03-09
34421,川崎,カワサキ,宮城県,東北,38.178,140.635,200,アメダス,気温 / 降水量 / 風 / 日照時間,https://www.data.jma.go.jp/stats/etrn/index.php?prec_no=34&block_no=0254&year=&month=&day=&view=,廃止済み,1974-11-01 〜 2005-10-26
35066,差首鍋,サスナベ,山形県,東北,38.94,140.183,122,アメダス,気温 / 降水量 / 風 / 日照時間,,廃止済み,1974-11-01 〜 1976-11-30
35331,楯岡,タテオカ,山形県,東北,38.473,140.398,118,アメダス,気温 / 降水量 / 風 / 日照時間,https://www.data.jma.go.jp/stats/etrn/index.php?prec_no=35&block_no=0271&year=&month=&day=&view=,廃止済み,1974-11-01 〜 2002-06-04
36006,茂庭,モニワ,福島県,東北,37.932,140.385,250,アメダス,気温 / 降水量 / 風 / 日照時間 / 積雪,,廃止済み,1978-10-31 〜 1992-10-22
36081,新地,シンチ,福島県,東北,37.875,140.918,10,アメダス,気温 / 降水量 / 風,https://www.data.jma.go.jp/stats/etrn/index.php?prec_no=36&block_no=1633&year=&month=&day=&view=,廃止済み,2011-06-14 〜 2021-12-07
36341,金山,カネヤマ,福島県,東北,37.452,139.525,324,アメダス,気温 / 降水量 / 風 / 日照時間 / 積雪,,廃止済み,1975-05-24 〜 2007-12-19
36766,古殿,フルドノ,福島県,東北,37.09,140.56,347,アメダス,気温 / 降水量 / 風,https://www.data.jma.go.jp/stats/etrn/index.php?prec_no=36&block_no=1634&year=&month=&day=&view=,廃止済み,2011-06-14 〜 2021-12-07
36776,上遠野,カトオノ,福島県,東北,37.008,140.737,125,アメダス,気温 / 降水量 / 風 / 日照時間,https://www.data.jma.go.jp/stats/etrn/index.php?prec_no=36&block_no=1127&year=&month=&day=&view=,廃止済み,1976-11-29 〜 2009-03-16
40081,高萩,タカハギ,茨城県,関東,36.707,140.717,4,アメダス,気温 / 降水量 / 風,https://www.data.jma.go.jp/stats/etrn/index.php?prec_no=40&block_no=1635&year=&month=&day=&view=,廃止済み,2011-06-14 〜 2018-11-30
40242,筑波山,ツクバサン,茨城県,関東,36.225,140.098,868,アメダス,気温 / 降水量 / 風 / 日照時間,https://www.data.jma.go.jp/stats/etrn/index.php?prec_no=40&block_no=1082&year=&month=&day=&view=,廃止済み,1976-02-28 〜 1981-08-20
40243,筑波山,ツクバサン,茨城県,関東,36.225,140.098,868,アメダス,気温 / 降水量 / 風 / 日照時間,https://www.data.jma.go.jp/stats/etrn/index.php?prec_no=40&block_no=1082&year=&month=&day=&view=,廃止済み,1981-08-21 〜 2001-12-06
40282,常総,ジョウソウ,茨城県,関東,36.113,139.98,15,アメダス,気温 / 降水量 / 風,https://www.data.jma.go.jp/stats/etrn/index.php?prec_no=40&block_no=1661&year=&month=&day=&view=,廃止済み,2015-09-18 〜 2018-03-15
41171,今市,イマイチ,栃木県,関東,36.727,139.677,414,アメダス,気温 / 降水量 / 風,https://www.data.jma.go.jp/stats/etrn/index.php?prec_no=41&block_no=1333&year=&month=&day=&view=,廃止済み,1978-12-21 〜 2022-11-15
41246,烏山,カラスヤマ,栃木県,関東,36.65,140.147,162,アメダス,気温 / 降水量 / 風 / 日照時間,https://www.data.jma.go.jp/stats/etrn/index.php?prec_no=41&block_no=1017&year=&month=&day=&view=,廃止済み,1975-05-20 〜 2009-02-23
42301,伊勢崎,イセサキ,群馬県,関東,36.342,139.188,74,アメダス,気温 / 降水量 / 風 / 日照時間,,廃止済み,1975-05-20 〜 1998-07-21
44076,練馬,ネリマ,東京都,関東,35.735,139.668,38,アメダス,気温 / 降水量 / 風 / 日照時間,,廃止済み,1975-05-16 〜 2012-12-25
44171,大島,オオシマ,東京都,関東,34.765,139.373,190,アメダス,気温 / 降水量 / 風 / 日照時間,,廃止済み,1974-11-01 〜 1991-12-18
44206,新島,ニイジマ,東京都,関東,34.373,139.252,9,アメダス,気温 / 降水量 / 風 / 日照時間,https://www.data.jma.go.jp/stats/etrn/index.php?prec_no=44&block_no=1134&year=&month=&day=&view=,廃止済み,1976-12-16 〜 2008-11-18
44227,三宅島阿古,ミヤケジマアコ,東京都,関東,34.08,139.482,30,アメダス,降水量 / 風,https://www.data.jma.go.jp/stats/etrn/index.php?prec_no=44&block_no=1509&year=&month=&day=&view=,廃止済み,2000-11-29 〜 2008-02-20
44229,三宅伊豆,ミヤケイズ,東京都,関東,34.12,139.503,50,アメダス,降水量 / 風,https://www.data.jma.go.jp/stats/etrn/index.php?prec_no=44&block_no=1525&year=&month=&day=&view=,廃止済み,2001-06-29 〜 2008-02-20
45036,佐原,サワラ,茨城県,関東,35.91,140.492,7,アメダス,気温 / 降水量 / 風 / 日照時間,,廃止済み,1974-11-01 〜 1999-08-31
45056,我孫子,アビコ,千葉県,関東,35.877,140.025,20,アメダス,気温 / 降水量 / 風 / 日照時間,,廃止済み,1974-11-01 〜 2010-03-11
45101,船橋,フナバシ,千葉県,関東,35.73,139.993,24,アメダス,気温 / 降水量 / 風 / 日照時間,,廃止済み,1978-01-10 〜 1999-08-02
45281,木更津,キサラヅ,千葉県,関東,35.375,139.915,5,アメダス,気温 / 降水量 / 風 / 日照時間,,廃止済み,1974-11-01 〜 2006-09-21
46181,江ノ島,エノシマ,神奈川県,関東,35.298,139.48,60,アメダス,気温 / 降水量 / 風 / 日照時間,https://www.data.jma.go.jp/stats/etrn/index.php?prec_no=46&block_no=0391&year=&month=&day=&view=,廃止済み,1974-11-01 〜 1992-02-08
48541,奈良井,ナライ,長野県,中部,35.983,137.835,900,アメダス,気温 / 降水量 / 風 / 日照時間,,廃止済み,1974-11-01 〜 2019-09-05
48626,高遠,タカトウ,長野県,中部,35.838,138.057,780,アメダス,気温 / 降水量 / 風 / 日照時間,https://www.data.jma.go.jp/stats/etrn/index.php?prec_no=48&block_no=0418&year=&month=&day=&view=,廃止済み,1974-11-01 〜 1993-02-04
50211,熱海伊豆山,アタミイズサン,静岡県,中部,35.115,139.083,144,アメダス,気温 / 降水量 / 風,https://www.data.jma.go.jp/stats/etrn/index.php?prec_no=50&block_no=1673&year=&month=&day=&view=,廃止済み,2021-07-07 〜 2024-01-25
51041,豊山,トヨヤマ,愛知県,中部,35.255,136.923,14,アメダス,気温 / 降水量 / 風,https://www.data.jma.go.jp/stats/etrn/index.php?prec_no=51&block_no=0461&year=&month=&day=&view=,廃止済み,1974-11-01 〜 2005-02-17
51161,東海,トウカイ,愛知県,中部,35.023,136.902,10,アメダス,気温 / 降水量 / 風 / 日照時間,https://www.data.jma.go.jp/stats/etrn/index.php?prec_no=51&block_no=0465&year=&month=&day=&view=,廃止済み,1974-11-01 〜 2012-10-17
51246,鳳来,ホウライ,愛知県,中部,34.932,137.575,81,アメダス,気温 / 降水量 / 風 / 日照時間,https://www.data.jma.go.jp/stats/etrn/index.php?prec_no=51&block_no=1341&year=&month=&day=&view=,廃止済み,1979-01-09 〜 2002-12-24
51336,豊橋,トヨハシ,愛知県,中部,34.718,137.455,23,アメダス,気温 / 降水量 / 風 / 日照時間,,廃止済み,1974-11-01 〜 2005-12-06
52266,白鳥,シロトリ,岐阜県,中部,35.868,136.863,372,アメダス,気温 / 降水量 / 風 / 日照時間,https://www.data.jma.go.jp/stats/etrn/index.php?prec_no=52&block_no=0482&year=&month=&day=&view=,廃止済み,1974-11-01 〜 1978-11-01
52481,黒川,クロカワ,岐阜県,中部,35.595,137.317,460,アメダス,気温 / 降水量 / 風 / 日照時間,,廃止済み,1978-11-22 〜 1998-09-28
52561,中津川,ナカツガワ,岐阜県,中部,35.488,137.5,320,アメダス,気温 / 降水量 / 風 / 日照時間,,廃止済み,1974-11-01 〜 2010-03-24
53421,熊野,クマノ,三重県,近畿,33.892,136.093,40,アメダス,気温 / 降水量 / 風 / 日照時間,https://www.data.jma.go.jp/stats/etrn/index.php?prec_no=53&block_no=0514&year=&month=&day=&view=,廃止済み,1974-11-01 〜 2001-12-17
54167,秋津,アキツ,新潟県,中部,38.06,138.413,30,アメダス,気温 / 降水量 / 風,https://www.data.jma.go.jp/stats/etrn/index.php?prec_no=54&block_no=1514&year=&month=&day=&view=,廃止済み,2003-01-01 〜 2020-10-07
54386,寺泊,テラドマリ,新潟県,中部,37.643,138.768,2,アメダス,気温 / 降水量 / 風 / 日照時間,,廃止済み,1974-11-01 〜 2001-08-10
56226,金沢,カナザワ,石川県,中部,36.548,136.643,26,アメダス,気温 / 降水量 / 風 / 日照時間,,廃止済み,1974-11-01 〜 1991-10-23
57081,勝山,カツヤマ,福井県,中部,36.052,136.5,126,アメダス,気温 / 降水量 / 風 / 日照時間,,廃止済み,1977-12-20 〜 1993-10-18
61271,園部,ソノベ,京都府,近畿,35.055,135.455,195,アメダス,気温 / 降水量 / 風 / 日照時間,,廃止済み,1974-11-01 〜 2002-03-05
63076,村岡,ムラオカ,兵庫県,近畿,35.467,134.598,220,アメダス,気温 / 降水量 / 風 / 日照時間 / 積雪,,廃止済み,1975-05-07 〜 2005-12-13
63501,明石,アカシ,兵庫県,近畿,34.657,134.98,6,アメダス,気温 / 降水量 / 風 / 日照時間,,廃止済み,1974-11-01 〜 1991-12-01
63511,神戸,コウベ,兵庫県,近畿,34.69,135.177,58,アメダス,気温 / 降水量 / 風 / 日照時間,,廃止済み,1974-11-01 〜 1995-01-28
63512,神戸,コウベ,兵庫県,近畿,34.69,135.177,58,アメダス,気温 / 降水量 / 風 / 日照時間,,廃止済み,1995-01-28 〜 1999-09-01
63576,洲本,スモト,兵庫県,近畿,34.338,134.905,109,アメダス,気温 / 降水量 / 風 / 日照時間,,廃止済み,1974-11-01 〜 2017-11-30
63587,南淡,ナンダン,兵庫県,近畿,34.268,134.752,33,アメダス,気温 / 降水量 / 風 / 日照時間,,廃止済み,1978-12-22 〜 2004-01-30
64126,五條,ゴジョウ,奈良県,近畿,34.345,135.7,100,アメダス,気温 / 降水量 / 風 / 日照時間,,廃止済み,1974-11-01 〜 2005-12-16
65161,竜神,リュウジン,和歌山県,近畿,33.995,135.56,515,アメダス,気温 / 降水量 / 風 / 日照時間,,廃止済み,1976-05-06 〜 1994-03-08
65196,御坊,ゴボウ,和歌山県,近畿,33.897,135.158,4,アメダス,気温 / 降水量 / 風 / 日照時間,https://www.data.jma.go.jp/stats/etrn/index.php?prec_no=65&block_no=0647&year=&month=&day=&view=,廃止済み,1974-11-01 〜 1999-03-01
65286,白浜,シラハマ,和歌山県,近畿,33.687,135.353,15,アメダス,気温 / 降水量 / 風 / 日照時間,https://www.data.jma.go.jp/stats/etrn/index.php?prec_no=65&block_no=0650&year=&month=&day=&view=,廃止済み,1974-11-01 〜 1978-02-27
65287,白浜,シラハマ,和歌山県,近畿,33.678,135.347,32,アメダス,気温 / 降水量 / 風 / 日照時間,https://www.data.jma.go.jp/stats/etrn/index.php?prec_no=65&block_no=0650&year=&month=&day=&view=,廃止済み,1978-02-28 〜 2009-09-01
67581,久比,クビ,広島県,中国,34.182,132.83,4,アメダス,気温 / 降水量 / 風 / 日照時間,https://www.data.jma.go.jp/stats/etrn/index.php?prec_no=67&block_no=0953&year=&month=&day=&view=,廃止済み,1975-04-28 〜 2009-02-24
68546,六日市,ムイカイチ,島根県,中国,34.353,131.935,311,アメダス,気温 / 降水量 / 風 / 日照時間,https://www.data.jma.go.jp/stats/etrn/index.php?prec_no=68&block_no=1322&year=&month=&day=&view=,廃止済み,1978-11-30 〜 2006-10-31
69051,鳥取,トツトリ,鳥取県,中国,35.513,134.178,17,アメダス,気温 / 降水量 / 風 / 日照時間,,廃止済み,1974-11-01 〜 1977-10-31
71086,穴吹,アナブキ,徳島県,四国,34.043,134.167,56,アメダス,気温 / 降水量 / 風 / 日照時間,,廃止済み,1975-05-02 〜 2001-03-12
71191,京上,キョウジョウ,徳島県,四国,33.867,133.903,532,アメダス,気温 / 降水量 / 風 / 湿度,https://www.data.jma.go.jp/stats/etrn/index.php?prec_no=71&block_no=1252&year=&month=&day=&view=,廃止済み,1978-03-23 〜 2025-09-03
71316,宍喰,シシクイ,徳島県,四国,33.563,134.305,4,アメダス,気温 / 降水量 / 風 / 日照時間,https://www.data.jma.go.jp/stats/etrn/index.php?prec_no=71&block_no=0725&year=&month=&day=&view=,廃止済み,1974-11-01 〜 2009-02-18
73136,新居浜,ニイハマ,愛媛県,四国,33.96,133.282,6,アメダス,気温 / 降水量 / 風 / 日照時間,,廃止済み,1974-11-01 〜 2016-08-24
73391,三崎,ミサキ,愛媛県,四国,33.387,132.122,2,アメダス,気温 / 降水量 / 風 / 日照時間,https://www.data.jma.go.jp/stats/etrn/index.php?prec_no=73&block_no=0960&year=&month=&day=&view=,廃止済み,1975-05-01 〜 1997-07-30
74186,南国,ナンゴク,高知県,四国,33.593,133.643,10,アメダス,気温 / 降水量 / 風 / 日照時間,https://www.data.jma.go.jp/stats/etrn/index.php?prec_no=74&block_no=0751&year=&month=&day=&view=,廃止済み,1974-11-01 〜 1978-03-12
82067,曽根,ソネ,福岡県,九州,33.835,130.947,3,アメダス,気温 / 降水量 / 風,https://www.data.jma.go.jp/stats/etrn/index.php?prec_no=82&block_no=1527&year=&month=&day=&view=,廃止済み,2003-01-01 〜 2006-03-15
83046,中津,ナカツ,大分県,九州,33.585,131.185,11,アメダス,気温 / 降水量 / 風 / 日照時間,,廃止済み,1974-11-01 〜 2011-03-15
84011,佐須奈,サスナ,長崎県,九州,34.64,129.4,5,アメダス,気温 / 降水量 / 風 / 日照時間,https://www.data.jma.go.jp/stats/etrn/index.php?prec_no=84&block_no=0811&year=&month=&day=&view=,廃止済み,1974-11-01 〜 1995-08-02
84181,松浦,マツウラ,長崎県,九州,33.342,129.71,4,アメダス,気温 / 降水量 / 風 / 日照時間,,廃止済み,1974-11-01 〜 1999-09-06
84182,松浦,マツウラ,長崎県,九州,33.35,129.765,9,アメダス,気温 / 降水量 / 風 / 日照時間,,廃止済み,1999-09-07 〜 2011-03-15
84236,小値賀,オヂカ,長崎県,九州,33.19,129.09,8,アメダス,気温 / 降水量 / 風,https://www.data.jma.go.jp/stats/etrn/index.php?prec_no=84&block_no=1535&year=&month=&day=&view=,廃止済み,2003-01-01 〜 2020-03-25
84286,頭ヶ島,カシラガシマ,長崎県,九州,33.013,129.192,80,アメダス,気温 / 降水量 / 風,https://www.data.jma.go.jp/stats/etrn/index.php?prec_no=84&block_no=1536&year=&month=&day=&view=,廃止済み,2003-01-01 〜 2020-03-25
84336,上五島,カミゴトウ,長崎県,九州,32.982,129.072,5,アメダス,気温 / 降水量 / 風 / 日照時間,,廃止済み,1977-02-23 〜 1999-12-21
84356,大瀬戸,オオセト,長崎県,九州,32.948,129.632,43,アメダス,気温 / 降水量 / 風,https://www.data.jma.go.jp/stats/etrn/index.php?prec_no=84&block_no=0817&year=&month=&day=&view=,廃止済み,1974-11-01 〜 2021-03-05
84516,雲仙岳,ウンゼンダケ,長崎県,九州,32.738,130.25,849,アメダス,気温 / 降水量 / 風 / 日照時間,,廃止済み,1974-11-01 〜 2002-11-26
84521,島原,シマバラ,長崎県,九州,32.785,130.372,17,アメダス,気温 / 降水量 / 風 / 日照時間,,廃止済み,1975-05-01 〜 2006-03-15
84596,野母崎,ノモザキ,長崎県,九州,32.578,129.74,190,アメダス,気温 / 降水量 / 風 / 日照時間,https://www.data.jma.go.jp/stats/etrn/index.php?prec_no=84&block_no=1441&year=&month=&day=&view=,廃止済み,1991-03-29 〜 2021-01-19
85031,枝去木,エザルギ,佐賀県,九州,33.498,129.898,110,アメダス,気温 / 降水量 / 風 / 日照時間,https://www.data.jma.go.jp/stats/etrn/index.php?prec_no=85&block_no=0824&year=&month=&day=&view=,廃止済み,1974-11-01 〜 2010-02-25
86156,阿蘇山,アソサン,熊本県,九州,32.88,131.073,1142,アメダス,気温 / 降水量 / 風 / 日照時間 / 積雪,https://www.data.jma.go.jp/stats/etrn/index.php?prec_no=86&block_no=47821&year=&month=&day=&view=,廃止済み,1974-11-01 〜 2017-12-11
87292,高鍋,タカナベ,宮崎県,九州,32.123,131.527,4,アメダス,気温 / 降水量 / 風 / 日照時間,,廃止済み,1974-11-01 〜 2017-03-09
87351,小林,コバヤシ,宮崎県,九州,31.983,130.983,200,アメダス,気温 / 降水量 / 風 / 日照時間,,廃止済み,1974-11-01 〜 2000-09-25
87411,青島,アオシマ,宮崎県,九州,31.803,131.46,8,アメダス,気温 / 降水量 / 風 / 日照時間,https://www.data.jma.go.jp/stats/etrn/index.php?prec_no=87&block_no=0868&year=&month=&day=&view=,廃止済み,1974-11-01 〜 2017-02-16
88106,宮之城,ミヤノジョウ,鹿児島県,九州,31.913,130.453,60,アメダス,気温 / 降水量 / 風 / 日照時間,,廃止済み,1974-11-01 〜 1976-04-01
88446,肝属川,キモツキガワ,鹿児島県,九州,31.35,130.948,8,アメダス,気温 / 降水量 / 風 / 日照時間,https://www.data.jma.go.jp/stats/etrn/index.php?prec_no=88&block_no=0891&year=&month=&day=&view=,廃止済み,1974-11-01 〜 1977-08-09
88631,中種子,ナカタネ,鹿児島県,九州,30.547,130.95,92,アメダス,気温 / 降水量 / 風,,廃止済み,1974-11-01 〜 2006-03-15
91106,名護,ナゴ,沖縄県,沖縄,26.598,127.97,7,アメダス,気温 / 降水量 / 風 / 日照時間,,廃止済み,1974-11-01 〜 1987-06-30
91126,金武,キン,沖縄県,沖縄,26.453,127.858,8,アメダス,気温 / 降水量 / 風 / 日照時間,https://www.data.jma.go.jp/stats/etrn/index.php?prec_no=91&block_no=1064&year=&month=&day=&view=,廃止済み,1977-03-04 〜 2007-12-19
91216,慶良間,ケラマ,沖縄県,沖縄,26.168,127.293,48,アメダス,気温 / 降水量 / 風,https://www.data.jma.go.jp/stats/etrn/index.php?prec_no=91&block_no=1516&year=&month=&day=&view=,廃止済み,2003-01-01 〜 2020-01-01
93011,伊良部,イラブ,沖縄県,沖縄,24.827,125.172,10,アメダス,気温 / 降水量 / 風 / 日照時間,https://www.data.jma.go.jp/stats/etrn/index.php?prec_no=91&block_no=1246&year=&month=&day=&view=,廃止済み,1978-02-02 〜 2009-09-15
93061,多良間,タラマ,沖縄県,沖縄,24.667,124.697,16,アメダス,気温 / 降水量 / 風 / 日照時間,https://www.data.jma.go.jp/stats/etrn/index.php?prec_no=91&block_no=1247&year=&month=&day=&view=,廃止済み,1978-02-04 〜 2009-09-15
94061,西表島,イリオモテジマ,沖縄県,沖縄,24.388,123.747,9,アメダス,気温 / 降水量 / 風 / 日照時間,,廃止済み,1978-04-23 〜 2003-03-11
94082,真栄里,マエザト,沖縄県,沖縄,24.343,124.187,26,アメダス,気温 / 降水量 / 風,https://www.data.jma.go.jp/stats/etrn/index.php?prec_no=91&block_no=1484&year=&month=&day=&view=,廃止済み,2003-01-01 〜 2013-03-06
94121,志多阿原,シタアバル,沖縄県,沖縄,24.058,123.803,13,アメダス,気温 / 降水量 / 風,https://www.data.jma.go.jp/stats/etrn/index.php?prec_no=91&block_no=1494&year=&month=&day=&view=,廃止済み,2003-01-01 〜 2020-01-01
